level,x,y,ID,Verfasser,Seitenzahl,Leer,Anstreichung,Unterstreichung,Durchstreichung,SonstigeMarkierung,ZusatzMaterial,Anderes,Provenienz,Stempel,Kommentar,Bewertung,Textkorrektur,Variante,Uebersetzung,LeerTotal,AnstreichungTotal,UnterstreichungTotal,DurchstreichungTotal,SonstigeMarkierungTotal,ZusatzMaterialTotal,AnderesTotal,ProvenienzTotal,StempelTotal,KommentarTotal,BewertungTotal,TextkorrekturTotal,VarianteTotal,UebersetzungTotal,Bio
verfasser,-0.7375334217007984,1.1824233033469893,"[Black, Adam u. Charles]","[Black, Adam u. Charles]",548,539,1,0,0,0,1,2,1,1,2,0,0,0,0,539,1,0,0,0,1,2,1,1,2,0,0,0,0,Adam Black (* 20. Februar 1784 in Edinburgh; † 24. Januar 1874 in Edinburgh) war ein schottischer Buchhändler und Politiker. Er war Verleger der 7. bis 9. Auflage der Encyclopædia Britannica und eine zentrale Figur in der Politik Schottlands im 19. Jahrhundert.
verfasser,0.17589005728020998,1.1950810608183582,"[Lawrence, Steven] Edwards, Anni","[Lawrence, Steven] Edwards, Anni",368,360,0,0,0,0,0,5,1,2,0,0,0,0,0,360,0,0,0,0,0,5,1,2,0,0,0,0,0,"Annie Edwards (ca. 1830–1896), auch bekannt als Annie Edwardes, war in der viktorianischen Ära eine bekannte englische Schriftstellerin. Drei ihrer 21 Bücher wurden für das Theater adaptiert."
verfasser,0.6043901154231891,0.4872766930818645,[ohne Angabe],[ohne Angabe],3868,3700,18,6,3,10,0,40,22,26,43,1,4,0,9,3700,18,6,3,10,0,40,22,26,43,1,4,0,9,
verfasser,-5.410771073776424,-4.428580491861703,"Alexis, Willibald","Alexis, Willibald",2471,1565,432,113,10,43,0,518,6,10,46,93,18,0,0,1565,432,113,10,43,0,518,6,10,46,93,18,0,0,"Willibald Alexis, eigentlich Georg Wilhelm Heinrich Häring (* 29. Juni 1798 in Breslau; † 16. Dezember 1871 in Arnstadt) war ein deutscher Schriftsteller, der als Begründer des realistischen historischen Romans in der deutschen Literatur gilt."
verfasser,-0.06694160544399476,1.239491149523931,"Ariosto, Ludovico","Ariosto, Ludovico",1788,1712,0,0,0,11,0,18,4,8,1,0,0,0,0,1712,0,0,0,11,0,18,4,8,1,0,0,0,0,"Ludovico Ariosto (deutsch Ariost; * 8. September 1474 in Reggio nell’Emilia; † 6. Juli 1533 in Ferrara) war ein italienischer Humanist, Militär, Höfling und Autor. Sein Hauptwerk, das Versepos Orlando furioso („Der rasende Roland“), gilt als einer der wichtigsten Texte der italienischen Literatur und wurde in ganz Europa rezipiert."
verfasser,-0.7913862521615382,1.1918981742311685,"Baechtold, Jakob","Baechtold, Jakob",1719,1702,3,0,0,0,2,7,3,3,2,0,0,0,0,1702,3,0,0,0,2,7,3,3,2,0,0,0,0,Jakob Baechtold oder Bächtold (* 27. Januar 1848 in Schleitheim; † 7. August 1897 in Zürich) war Schweizer Literaturwissenschafter. Besonders verdient machte sich Baechtold um die Schweizer Literatur. Zum einen wirkte er als Biograf und Nachlassverwalter seines Freundes Gottfried Keller.
verfasser,1.3589392203608406,2.075992725201142,"Baudissin, Wolf von","Baudissin, Wolf von",368,289,0,0,0,0,0,56,2,3,1,0,0,0,0,289,0,0,0,0,0,56,2,3,1,0,0,0,0,"Wolf Ernst Hugo Emil Graf von Baudissin, Pseudonyme: Freiherr von Schlicht und Graf Günther Rosenhagen, (* 30. Januar 1867 in Schleswig; † 4. Oktober 1926 in Weimar) war ein deutscher Schriftsteller, Journalist und Verleger."
verfasser,1.9266372772732336,1.1271623793949654,"Baumbach, Rudolf; Dahn, Felix; Ebers, Georg; Ebner-Eschenbach, Marie von; Eckstein, Ernst; Fontane, Theodor; Franzos, Karl Emil; Fulda, Ludwig; Heyse, Paul; Hopfen, Hans; Jensen, Wilhelm; Lingg, Hermann; Meyer, Conrad Ferdinand; Schubin, Ossip; Spielhagen, Friedrich; Sudermann, Hermann; Voß, Richard; Wichert, Ernst; Wolff, Julius","Baumbach, Rudolf; Dahn, Felix; Ebers, Georg; Ebner-Eschenbach, Marie von; Eckstein, Ernst; Fontane, Theodor; Franzos, Karl Emil; Fulda, Ludwig; Heyse, Paul; Hopfen, Hans; Jensen, Wilhelm; Lingg, Hermann; Meyer, Conrad Ferdinand; Schubin, Ossip; Spielhagen, Friedrich; Sudermann, Hermann; Voß, Richard; Wichert, Ernst; Wolff, Julius",324,314,0,0,0,0,3,4,2,2,0,0,0,0,0,314,0,0,0,0,3,4,2,2,0,0,0,0,0,
verfasser,1.1965325331824777,1.2561029153548204,"Blumenthal, Oscar","Blumenthal, Oscar",118,83,0,0,0,2,0,18,1,2,0,0,0,0,0,83,0,0,0,2,0,18,1,2,0,0,0,0,0,"Oscar Blumenthal, auch Oskar Blumenthal (* 13. März 1852 in Berlin; † 24. April 1917 ebenda) war ein deutscher Schriftsteller, Kritiker und Bühnendichter."
verfasser,0.7331379567428463,0.2349434430053771,"Bodenstedt, Friedrich ","Bodenstedt, Friedrich ",270,260,0,0,1,0,0,3,2,2,0,0,0,0,0,260,0,0,1,0,0,3,2,2,0,0,0,0,0,Friedrich Martin von Bodenstedt (* 22. April 1819 in Peine; † 18. April 1892 in Wiesbaden) war ein deutscher Schriftsteller und Theaterintendant.
verfasser,0.6897282726341113,1.1571642477024926,"Böhm, Richard","Böhm, Richard",218,213,0,0,0,0,0,3,1,2,0,0,0,0,0,213,0,0,0,0,0,3,1,2,0,0,0,0,0,"Richard Böhm (* 1. Oktober 1854 in Berlin; † 27. März 1884 in Katapana, Katanga) war ein deutscher Zoologe, Anatom und Entdecker."
verfasser,1.3444460685029427,-2.645873363432792,"Brahm, Otto","Brahm, Otto",79,58,17,6,0,0,2,0,4,1,7,7,0,0,0,58,17,6,0,0,2,0,4,1,7,7,0,0,0,"Otto Brahm (* 5. Februar 1856 in Hamburg; † 28. November 1912 in Berlin; eigentlich Abrahamsohn, Pseudonym: Otto Anders) war ein deutscher Kritiker, Theaterleiter und Regisseur."
verfasser,-1.2513300056359427,0.7531274613582032,"Dahn, Felix","Dahn, Felix",638,626,6,3,0,2,0,1,1,1,3,0,1,0,0,626,6,3,0,2,0,1,1,1,3,0,1,0,0,"Felix Dahn (auch Ludwig Sophus; * 9. Februar 1834 in Hamburg; † 3. Januar 1912 in Breslau) war ein deutscher Rechtswissenschaftler, Schriftsteller und Historiker."
verfasser,1.1051756140268592,0.8614369178941518,"Fitger, Arthur","Fitger, Arthur",116,111,0,0,0,0,0,4,1,1,1,0,0,0,0,111,0,0,0,0,0,4,1,1,1,0,0,0,0,Arthur Heinrich Wilhelm Fitger (* 4. Oktober 1840 in Delmenhorst; † 28. Juni 1909 in Horn bei Bremen) war ein deutscher Maler und Dichter.
verfasser,-0.1277086510863203,-0.017669851362770817,"Fontane, Theodor","Fontane, Theodor",13373,12544,20,19,20,35,29,166,57,46,67,1,10,16,0,12544,20,19,20,35,29,166,57,46,67,1,10,16,0,Heinrich Theodor Fontane (* 30. Dezember 1819 in Neuruppin; † 20. September 1898 in Berlin) war ein deutscher Schriftsteller. Er gilt als literarischer Spiegel Preußens und als bedeutendster deutscher Vertreter des Realismus.
verfasser,0.04502576461802093,5.067336730765809,"Forster, John","Forster, John",492,481,0,0,0,0,8,3,1,1,0,0,0,0,0,481,0,0,0,0,8,3,1,1,0,0,0,0,0,"John Forster (* 2. April 1812 in Newcastle upon Tyne; † 2. Februar 1876 in London) war ein englischer Publizist, Historiker und Biograph. Er war mit Charles Dickens befreundet."
verfasser,-1.669298622699723,-9.710811761116693,"Freytag, Gustav","Freytag, Gustav",894,235,116,17,0,496,0,126,4,2,46,34,0,0,0,235,116,17,0,496,0,126,4,2,46,34,0,0,0,"Gustav Freytag (* 13. Juli 1816 in Kreuzburg, Oberschlesien; † 30. April 1895 in Wiesbaden) war ein deutscher Schriftsteller."
verfasser,2.55679334218299,-1.6640907127155815,"Geibel, Emanuel","Geibel, Emanuel",406,390,0,0,0,0,0,4,5,2,0,0,0,0,0,390,0,0,0,0,0,4,5,2,0,0,0,0,0,"Franz Emanuel August Geibel (* 17. Oktober 1815 in Lübeck; † 6. April 1884 ebenda) war ein deutscher Lyriker. Er war zwischen 1840 und 1914 ein literarisch hoch geschätzter und außergewöhnlich populärer Autor, dessen kunstvolles Liederwerk Komponisten wie Robert Schumann, Hugo Wolf, Felix Mendelssohn Bartholdy und Johannes Brahms inspirierte."
verfasser,-0.770408270876225,-2.00288162621275,"Gensichen, Otto Franz","Gensichen, Otto Franz",108,92,7,12,0,0,0,1,1,2,11,3,1,0,0,92,7,12,0,0,0,1,1,2,11,3,1,0,0,"Otto Franz Gensichen (* 4. Februar 1847 in Driesen; † 24. August 1933) war ein deutscher Schriftsteller, Dramatiker und Publizist. Er benutzte das Pseudonym Otto Franz."
verfasser,-2.0599483194314057,0.5058777434388176,"Goethe, Johann Wolfgang von","Goethe, Johann Wolfgang von",3890,3728,66,12,1,61,0,6,5,5,41,12,1,0,0,3728,66,12,1,61,0,6,5,5,41,12,1,0,0,"Johann Wolfgang Goethe, ab 1782 von Goethe (* 28. August 1749 in Frankfurt am Main; † 22. März 1832 in Weimar), war ein deutscher Dichter und Naturforscher. Er gilt als einer der bedeutendsten Schöpfer deutschsprachiger Dichtung."
verfasser,-1.0513916051955594,-2.7177335778712743,"Hamerling, Robert","Hamerling, Robert",494,393,42,11,2,2,0,7,2,4,34,11,8,0,0,393,42,11,2,2,0,7,2,4,34,11,8,0,0,"Robert Hamerling, geboren als Rupert Johann Hammerling, (* 24. März 1830 in Kirchberg am Walde, Niederösterreich; † 13. Juli 1889 in (Stifting bei) Graz) war ein österreichischer Dichter und Schriftsteller."
verfasser,0.1210552261081569,-0.748156813878323,"Handtmann, Eduard","Handtmann, Eduard",280,266,10,4,0,0,0,0,2,0,1,1,0,0,0,266,10,4,0,0,0,0,2,0,1,1,0,0,0,Friedrich August Eduard Handtmann (* 28. Mai 1842 in Potsdam; † 24. November 1912 ebenda) war ein deutscher evangelischer Geistlicher und Sagensammler.
verfasser,1.7568630666280551,-4.458655172988099,"Heine, Heinrich","Heine, Heinrich",330,290,11,0,1,8,0,1,3,1,4,7,12,0,0,290,11,0,1,8,0,1,3,1,4,7,12,0,0,"Christian Johann Heinrich Heine (* 13. Dezember 1797 als Harry Heine in Düsseldorf, Herzogtum Berg; † 17. Februar 1856 in Paris) war einer der bedeutendsten deutschen Dichter, Schriftsteller und Journalisten des 19. Jahrhunderts. Heine gilt als „letzter Dichter der Romantik“ und zugleich als deren Überwinder."
verfasser,1.2787898060823362,1.1747612083255958,"Hertz, Wilhelm ","Hertz, Wilhelm ",72,66,0,0,0,0,0,2,1,2,0,0,0,0,0,66,0,0,0,0,0,2,1,2,0,0,0,0,0,"Wilhelm Hertz, ab 1898 Ritter von Hertz, (auch Wilhelm von Hertz, * 24. September 1835 in Stuttgart; † 7. Januar 1902 in München) war ein deutscher Dichter und Germanist. Wilhelm Hertz war insbesondere im 19. Jahrhundert populär und ist aufgrund des weitreichenden Verlusts vieler seiner Werke heute weitgehend in Vergessenheit geraten."
verfasser,0.22117985037412857,-0.045435782951666136,"Heyse, Paul","Heyse, Paul",4492,4141,99,38,4,8,0,115,22,32,46,31,2,0,0,4141,99,38,4,8,0,115,22,32,46,31,2,0,0,"Paul Johann Ludwig von Heyse (geadelt 1910, * 15. März 1830 in Berlin; † 2. April 1914 in München) war ein deutscher Schriftsteller, Dramatiker und Übersetzer. Neben vielen Gedichten schuf Heyse rund 180 Novellen, acht Romane und 68 Dramen."
verfasser,-2.342384110604853,-2.9924880963827847,"Hopfen, Hans","Hopfen, Hans",882,696,95,20,2,1,0,107,4,3,30,21,4,0,0,696,95,20,2,1,0,107,4,3,30,21,4,0,0,"Hans Demetrius Hopfen, ab 1888 Ritter von Hopfen, (* 3. Januar 1835 in München als Hans Mayer; † 19. November 1904 in Groß-Lichterfelde [heute Berlin]) war ein deutscher Schriftsteller."
verfasser,-6.510391360198629,-2.5611207173337327,"Immermann, Karl","Immermann, Karl",812,584,40,13,0,4,0,137,1,2,14,26,1,0,0,584,40,13,0,4,0,137,1,2,14,26,1,0,0,"Karl Leberecht Immermann (* 24. April 1796 in Magdeburg; † 25. August 1840 in Düsseldorf) war ein deutscher Schriftsteller, Lyriker und Dramatiker."
verfasser,0.713443242824587,-0.33524826159106863,"Lenau, Nikolaus","Lenau, Nikolaus",1004,970,1,5,0,4,0,9,8,6,2,2,3,0,0,970,1,5,0,4,0,9,8,6,2,2,3,0,0,"Nikolaus Lenau, eigentlich Nikolaus Franz Niembsch (seit 1820) Edler von Strehlenau, (* 13. August 1802 in Csatád, Königreich Ungarn; † 22. August 1850 in Oberdöbling) war ein österreichischer spätromantischer Schriftsteller."
verfasser,0.4153958864433861,1.1627291777647613,"Leopardi, Giacomo ","Leopardi, Giacomo ",299,289,0,0,0,0,0,3,1,2,0,0,0,0,0,289,0,0,0,0,0,3,1,2,0,0,0,0,0,"Giacomo Leopardi (* 29. Juni 1798 in Recanati; † 14. Juni 1837 in Neapel) war ein italienischer Dichter, Essayist und Philologe. Neben Alessandro Manzoni kam ihm eine entscheidende Rolle bei der Erneuerung der italienischen Literatursprache im 19. Jahrhundert zu."
verfasser,1.0476687604087105,-0.677948705142956,"Lepel, Bernhard von","Lepel, Bernhard von",454,396,6,4,1,3,2,26,5,3,5,0,5,0,0,396,6,4,1,3,2,26,5,3,5,0,5,0,0,Georg Friedrich Gustav Bernhard von Lepel (* 27. Mai 1818 in Meppen; † 17. Mai 1885 in Prenzlau) war ein preußischer Offizier (Major a. D.) und Schriftsteller.
verfasser,-2.0918094316881786,1.9872915890977523,"Lübke, Wilhelm","Lübke, Wilhelm",2119,1924,3,1,0,3,0,29,2,3,0,0,0,0,0,1924,3,1,0,3,0,29,2,3,0,0,0,0,0,Wilhelm Lübke (* 17. Januar 1826 in Dortmund; † 5. April 1893 in Karlsruhe) war ein deutscher Kunsthistoriker.
verfasser,3.708636752034007,-2.379034693782659,"Lubliner, Hugo","Lubliner, Hugo",494,478,0,0,0,1,2,3,6,0,1,0,0,0,0,478,0,0,0,1,2,3,6,0,1,0,0,0,0,"Hugo Lubliner (1846–1911) war ein deutscher Dramatiker, dessen Pseudonym Hugo Bürger war."
verfasser,0.5915670345706707,-0.5267113595923835,"Mantegazza, Paolo ","Mantegazza, Paolo ",172,157,14,3,0,0,0,1,2,1,2,2,1,0,0,157,14,3,0,0,0,1,2,1,2,2,1,0,0,"Paolo Mantegazza (* 31. Oktober 1831 in Monza; † 28. August 1910 in San Terenzo) war ein italienischer Neurologe, Physiologe und Anthropologe sowie ein bedeutender Arzt und Bewusstseinsforscher. Mantegazza publizierte mehrere Romane, die zu seiner Zeit Bestseller waren, inzwischen jedoch nahezu in Vergessenheit geraten sind.  "
verfasser,5.991098321276226,-0.9811945319086255,"Meyer, Paul","Meyer, Paul",78,47,1,0,0,17,8,0,4,1,18,0,0,0,0,47,1,0,0,17,8,0,4,1,18,0,0,0,0,"Paul Meyer (* 17. Januar 1840 in Paris; † 7. September 1917 in Saint-Mandé) war ein französischer Romanist, Provenzalist und Mediävist."
verfasser,-0.31511185500774824,0.37742992367592626,"Pantenius, Theodor Hermann","Pantenius, Theodor Hermann",1020,1002,0,0,0,1,0,10,4,3,2,0,0,0,0,1002,0,0,0,1,0,10,4,3,2,0,0,0,0,"Theodor Hermann Pantenius (* 22. Oktober 1843 in Mitau; † 16. November 1915 in Leipzig) war ein deutsch-baltischer Autor und Zeitschriftenredakteur, dessen schriftstellerisches Werk Stoffe aus seiner baltischen Heimat in Romanen und Novellen ausführlich behandelt."
verfasser,-0.025775358704018626,1.8202524823671582,"Pietsch, Ludwig","Pietsch, Ludwig",646,548,47,17,0,2,0,13,3,4,1,0,0,0,0,548,47,17,0,2,0,13,3,4,1,0,0,0,0,"Ludwig Pietsch (* 25. Dezember 1824 in Danzig; † 27. November 1911 in Berlin) war ein deutscher Maler, Kunstschriftsteller und Feuilletonist in Berlin."
verfasser,-0.04421213863634251,0.3932123284538993,"Platen, August von","Platen, August von",1548,1437,33,2,1,9,1,39,6,4,2,0,3,0,0,1437,33,2,1,9,1,39,6,4,2,0,3,0,0,"August Graf von Platen-Hallermünde (geboren als Graf Karl August Georg Maximilian von Platen-Hallermund) (* 24. Oktober 1796 in Ansbach, Ansbach-Bayreuth; † 5. Dezember 1835 in Syrakus, Königreich beider Sizilien) war ein deutscher Dichter."
verfasser,1.7613059983355177,-0.6997944333669193,"Riedel, A.F. ","Riedel, A.F. ",24,20,0,1,0,0,0,2,3,1,1,0,0,0,0,20,0,1,0,0,0,2,3,1,1,0,0,0,0,"Adolph Friedrich Johann Riedel (* 5. Dezember 1809 in Biendorf bei Neubukow; † 8. September 1872 in Berlin) war ein deutscher Archivar, Historiker und Politiker."
verfasser,-1.5119339778811305,1.3139711184872456,"Ritter, Benjamin","Ritter, Benjamin",1565,1510,1,0,1,2,0,16,2,2,3,0,1,0,0,1510,1,0,1,2,0,16,2,2,3,0,1,0,0,
verfasser,0.8650733437519499,0.2500116189855129,"Rittershaus, Emil","Rittershaus, Emil",283,218,0,0,0,6,0,0,2,2,1,0,0,0,0,218,0,0,0,6,0,0,2,2,1,0,0,0,0,"Friedrich Emil Rittershaus (* 3. April 1834 in Barmen (heute zu Wuppertal); † 8. März 1897 ebenda) war ein deutscher Kaufmann und Dichter. Er verfasste zahlreiche Erzählungen, Gedichte und Romane. Bis heute bekannt ist er vor allem als Verfasser des Westfalenliedes."
verfasser,0.6187515342434956,-0.7249702777036237,"Roquette, Otto","Roquette, Otto",576,522,23,5,2,7,0,7,6,5,10,19,2,0,0,522,23,5,2,7,0,7,6,5,10,19,2,0,0,Otto Roquette (* 19. April 1824 in Krotoschin bei Posen; † 18. März 1896 in Darmstadt) war ein deutscher Schriftsteller.
verfasser,-3.0178390257828673,1.8997218992527476,"Sachs, Karl","Sachs, Karl",2050,1743,0,0,0,2,0,168,2,3,1,0,0,0,0,1743,0,0,0,2,0,168,2,3,1,0,0,0,0,Karl Ernst August Sachs (* 31. März 1829 in Magdeburg; † 1. August 1909 in Brandenburg an der Havel) war ein deutscher Romanist sowie Lexikograph.
verfasser,4.8868666164197245,-6.212965216711217,"Scherenberg, Christian Friedrich","Scherenberg, Christian Friedrich",544,491,11,12,23,4,0,5,6,2,0,0,27,0,0,491,11,12,23,4,0,5,6,2,0,0,27,0,0,Christian Friedrich Scherenberg (* 5. Mai 1798 in Stettin; † 9. September 1881 in Zehlendorf) war ein deutscher Dichter.
verfasser,-2.8573334099199683,-1.0558012175818359,"Schiller, Friedrich von","Schiller, Friedrich von",2632,2232,103,32,0,77,0,144,8,6,21,3,2,0,0,2232,103,32,0,77,0,144,8,6,21,3,2,0,0,"Johann Christoph Friedrich Schiller, ab 1802 von Schiller (* 10. November 1759 in Marbach am Neckar; † 9. Mai 1805 in Weimar), war ein Arzt, Dichter, Philosoph und Historiker. Er gilt als einer der bedeutendsten deutschen Dramatiker, Lyriker und Essayisten."
verfasser,0.9065705536865566,-0.8297285713234247,"Spielhagen, Friedrich","Spielhagen, Friedrich",276,228,0,2,0,9,0,7,3,1,3,0,0,0,0,228,0,2,0,9,0,7,3,1,3,0,0,0,0,Friedrich Spielhagen (* 24. Februar 1829 in Magdeburg; † 25. Februar 1911 in Berlin) war ein deutscher Schriftsteller.
verfasser,2.634650407047771,-2.33076237334214,"Stempel, Max","Stempel, Max",124,110,7,0,1,0,0,0,5,3,1,4,2,0,0,110,7,0,1,0,0,0,5,3,1,4,2,0,0,
verfasser,0.45277925189256374,0.852277694188849,"Storm, Theodor","Storm, Theodor",2702,2581,7,5,1,4,1,29,12,18,1,1,0,0,0,2581,7,5,1,4,1,29,12,18,1,1,0,0,0,"Hans Theodor Woldsen Storm (* 14. September 1817 in Husum; † 4. Juli 1888 in Hanerau-Hademarschen) war ein deutscher Schriftsteller, der als Lyriker und als Autor von Novellen und Prosa des deutschen Realismus mit norddeutscher Prägung bedeutend war."
verfasser,1.015289317516333,0.3237766028234313,"Trojan, Johannes","Trojan, Johannes",475,443,0,0,0,0,2,7,4,4,1,0,0,0,0,443,0,0,0,0,2,7,4,4,1,0,0,0,0,"Johannes Trojan (* 14. August 1837 in Danzig; † 21. November 1915[1] in Rostock) war ein deutscher Schriftsteller. Johannes Trojan verfasste Erzählungen, Plaudereien, Reiseberichte sowie Beiträge zur deutschen Pflanzenwelt."
verfasser,-0.3461849661707769,0.1187316694742976,"Vilmar, A[ugust] F[riedrich] C[hristian] ","Vilmar, A[ugust] F[riedrich] C[hristian] ",488,461,0,2,0,12,0,6,2,1,1,0,0,0,0,461,0,2,0,12,0,6,2,1,1,0,0,0,0,"August Friedrich Christian Vilmar (* 21. November 1800 in Solz bei Bebra, Hessen; † 30. Juli 1868 in Marburg) war ein konservativer lutherischer Theologe."
verfasser,-1.7177254935741748,-1.4682965689402363,"Voß, Sophie Marie Gräfin von ","Voß, Sophie Marie Gräfin von ",457,407,12,16,0,3,0,8,2,3,5,0,1,0,0,407,12,16,0,3,0,8,2,3,5,0,1,0,0,"Sophie Wilhelmine Charlotte Marie Gräfin von Voß, geb. von Pannwitz (* 11. März 1729 in Schönfließ (Oberhavel); † 31. Dezember 1814 in Berlin) lebte neunundsechzig Jahre am preußischen Hof und war über Jahrzehnte Gesprächspartnerin und Beraterin von Königinnen und Königen."
verfasser,0.20831473810012402,0.834216450076749,"Wegner, Bertha","Wegner, Bertha",294,291,0,0,0,0,0,1,1,1,0,0,0,0,0,291,0,0,0,0,0,1,1,1,0,0,0,0,0,
verfasser,4.033071650764078,5.085052466833451,"Wichmann, Herman ","Wichmann, Herman ",348,302,1,0,0,0,8,24,1,6,8,0,2,0,0,302,1,0,0,0,8,24,1,6,8,0,2,0,0,Hermann Wichmann (* 22. Oktober 1823 in Berlin; † 27. August 1905 in Rom) war ein deutscher Komponist und Schriftsteller.
verfasser,-0.6436794689977496,0.24874017758443348,"Wilbrandt, Adolf","Wilbrandt, Adolf",384,328,16,0,0,0,1,21,1,1,2,2,0,0,0,328,16,0,0,0,1,21,1,1,2,2,0,0,0,Adolf von Wilbrandt (* 24. August 1837 in Rostock; † 10. Juni 1911 ebenda) war deutscher Schriftsteller und Direktor des Burgtheaters in Wien.
verfasser,-0.42423539012265066,0.498037541997193,"Zedlitz-Neukirch, Leopold von","Zedlitz-Neukirch, Leopold von",2936,2874,8,5,1,4,1,12,10,5,0,0,1,0,0,2874,8,5,1,4,1,12,10,5,0,0,1,0,0,"Ernst Leopold von Zedlitz-Neukirch (* 7. Juli 1792 in Tiefhartmannsdorf in Schlesien; † 26. Oktober 1864 in Berlin) war ein deutscher Schriftsteller, Statistiker und Historiker."
verfasser,0.6028527827411766,1.125065182216321,"Zolling, Theophil","Zolling, Theophil",243,235,0,0,0,0,0,1,1,2,1,0,0,0,0,235,0,0,0,0,0,1,1,2,1,0,0,0,0,"Theophil Zolling (* 30. Dezember 1849 in Scafati bei Neapel; † 23. März 1901 in Berlin) war ein deutscher Journalist, Herausgeber, Literaturkritiker und Romancier."
buch,3.708636752034006,-2.379034693782659,B454,"Lubliner, Hugo",494,478,0,0,0,1,2,3,6,0,1,0,0,0,0,478,0,0,0,1,2,3,6,0,1,0,0,0,0,
buch,3.0081194665840254,-1.7107099769881149,B456,"Zedlitz-Neukirch, Leopold von",220,213,0,0,0,0,1,0,5,0,0,0,0,0,0,213,0,0,0,0,1,0,5,0,0,0,0,0,0,
buch,0.12105522610815707,-0.7481568138783229,Handtmann,"Handtmann, Eduard",280,266,10,4,0,0,0,0,2,0,1,1,0,0,0,266,10,4,0,0,0,0,2,0,1,1,0,0,0,
buch,1.5595550019631186,-0.1245206184740258,Q1,"Fontane, Theodor",188,181,0,0,1,0,0,1,2,1,0,0,0,1,0,181,0,0,1,0,0,1,2,1,0,0,0,1,0,
buch,-3.3134607687422806,3.6975467828231277,Q10,"Fontane, Theodor",1113,1055,1,0,1,2,5,6,2,1,14,1,0,1,0,1055,1,0,1,2,5,6,2,1,14,1,0,1,0,
buch,5.991098321276217,-0.9811945319086723,Q100,"Meyer, Paul",78,47,1,0,0,17,8,0,4,1,18,0,0,0,0,47,1,0,0,17,8,0,4,1,18,0,0,0,0,
buch,1.5293998991204572,0.16865604099049777,Q101,"Lepel, Bernhard von",228,189,0,2,0,2,2,21,2,2,3,0,0,0,0,189,0,2,0,2,2,21,2,2,3,0,0,0,0,
buch,1.3589392203608393,2.075992725201142,Q102,"Baudissin, Wolf von",368,289,0,0,0,0,0,56,2,3,1,0,0,0,0,289,0,0,0,0,0,56,2,3,1,0,0,0,0,
buch,1.565283114971965,0.3471131106102656,Q103,"Fontane, Theodor",250,242,1,0,1,4,0,2,2,3,4,0,0,0,0,242,1,0,1,4,0,2,2,3,4,0,0,0,0,
buch,-0.40841526862468286,0.27097862832360425,Q104,"Fontane, Theodor",532,495,1,0,0,0,0,8,2,1,1,0,0,0,0,495,1,0,0,0,0,8,2,1,1,0,0,0,0,
buch,1.6544003388247432,0.7718536136474563,Q105,[ohne Angabe],12,7,0,0,0,0,0,1,1,1,3,0,0,0,0,7,0,0,0,0,0,1,1,1,3,0,0,0,0,
buch,4.0432597941452535,-0.7991278339599723,Q106,"Fontane, Theodor",348,324,0,1,1,0,4,4,5,3,2,0,0,0,0,324,0,1,1,0,4,4,5,3,2,0,0,0,0,
buch,0.6631507128921494,0.30577785476014585,Q107,"Fontane, Theodor",306,297,0,0,0,0,1,1,2,2,1,0,0,0,0,297,0,0,0,0,1,1,2,2,1,0,0,0,0,
buch,-1.7177254935741753,-1.4682965689402363,Q108,"Voß, Sophie Marie Gräfin von ",457,407,12,16,0,3,0,8,2,3,5,0,1,0,0,407,12,16,0,3,0,8,2,3,5,0,1,0,0,
buch,-1.4388897774756677,0.43102348494729875,Q109,"Storm, Theodor",748,701,0,4,1,4,0,4,2,1,0,0,0,0,0,701,0,4,1,4,0,4,2,1,0,0,0,0,0,
buch,-2.0304918685224678,5.872774608020392,Q11,"Fontane, Theodor",1116,1002,0,2,0,6,8,12,2,4,10,0,0,0,0,1002,0,2,0,6,8,12,2,4,10,0,0,0,0,
buch,1.3444460685029402,-2.6458733634327927,Q110,"Brahm, Otto",79,58,17,6,0,0,2,0,4,1,7,7,0,0,0,58,17,6,0,0,2,0,4,1,7,7,0,0,0,
buch,-0.8720668591139451,0.8867306954776939,Q12,"Fontane, Theodor",564,553,0,1,0,1,0,3,1,1,2,0,1,0,0,553,0,1,0,1,0,3,1,1,2,0,1,0,0,
buch,-0.559115437244061,-0.6831045780236589,Q13,"Fontane, Theodor",566,523,0,1,0,0,0,27,3,1,2,0,0,0,0,523,0,1,0,0,0,27,3,1,2,0,0,0,0,
buch,4.298786612191549,2.572577716398278,Q14,"Fontane, Theodor",492,468,1,0,1,0,8,2,2,1,2,0,1,0,0,468,1,0,1,0,8,2,2,1,2,0,1,0,0,
buch,0.02245979576095108,-0.7288393801081745,Q15,"Fontane, Theodor",476,453,0,1,0,1,0,3,3,1,3,0,0,0,0,453,0,1,0,1,0,3,3,1,3,0,0,0,0,
buch,-0.3109702416457187,-1.6239696169610862,Q16,"Fontane, Theodor",478,460,5,8,1,0,0,3,3,1,9,0,1,0,0,460,5,8,1,0,0,3,3,1,9,0,1,0,0,
buch,1.567610716022315,6.017840083264526,Q17,"Fontane, Theodor",704,690,0,0,0,0,2,2,2,8,0,0,0,0,0,690,0,0,0,0,2,2,2,8,0,0,0,0,0,
buch,-3.2944004060279197,-0.43606487246902614,"Q18,1-3","Alexis, Willibald",754,577,43,8,0,1,0,75,1,2,3,7,0,0,0,577,43,8,0,1,0,75,1,2,3,7,0,0,0,
buch,-9.419595874132744,-10.75829090767939,"Q18,4-8","Alexis, Willibald",532,210,158,14,10,5,0,229,1,2,21,37,11,0,0,210,158,14,10,5,0,229,1,2,21,37,11,0,0,
buch,1.9150302939039612,-0.3703909532753559,Q19,"Alexis, Willibald",146,102,12,1,0,35,0,1,1,1,0,6,2,0,0,102,12,1,0,35,0,1,1,1,0,6,2,0,0,
buch,14.136817434250235,1.006239324059593,Q2,"Fontane, Theodor",315,270,8,1,4,7,0,9,2,1,4,0,2,11,0,270,8,1,4,7,0,9,2,1,4,0,2,11,0,
buch,-7.440934973860258,-4.907466926217965,Q20,"Alexis, Willibald",407,274,87,45,0,2,0,70,2,2,6,18,0,0,0,274,87,45,0,2,0,70,2,2,6,18,0,0,0,
buch,-9.86806745130186,-6.149091518477183,Q21,"Alexis, Willibald",632,402,132,45,0,0,0,143,1,3,16,25,5,0,0,402,132,45,0,0,0,143,1,3,16,25,5,0,0,
buch,-0.1942951694446629,1.2587916731616429,"Q22,1","Ariosto, Ludovico",472,460,0,0,0,0,0,6,1,2,1,0,0,0,0,460,0,0,0,0,0,6,1,2,1,0,0,0,0,
buch,-0.03405098854052598,1.2534209557573128,"Q22,2","Ariosto, Ludovico",428,423,0,0,0,0,0,3,1,2,0,0,0,0,0,423,0,0,0,0,0,3,1,2,0,0,0,0,0,
buch,-0.01055149031294111,1.240483962350897,"Q22,3","Ariosto, Ludovico",424,415,0,0,0,0,0,5,1,2,0,0,0,0,0,415,0,0,0,0,0,5,1,2,0,0,0,0,0,
buch,-0.027047745856729765,1.288172277279762,"Q22,4","Ariosto, Ludovico",464,414,0,0,0,11,0,4,1,2,0,0,0,0,0,414,0,0,0,11,0,4,1,2,0,0,0,0,0,
buch,-0.4707845222527828,1.0292567190475836,"Q23,1","Baechtold, Jakob",476,473,0,0,0,0,0,2,1,1,0,0,0,0,0,473,0,0,0,0,0,2,1,1,0,0,0,0,0,
buch,-0.7505555005549187,1.6761073679879985,"Q23,2","Baechtold, Jakob",560,549,3,0,0,0,2,3,1,1,2,0,0,0,0,549,3,0,0,0,2,3,1,1,2,0,0,0,0,
buch,-1.1742058413888157,1.3489652071394311,"Q23,3","Baechtold, Jakob",683,680,0,0,0,0,0,2,1,1,0,0,0,0,0,680,0,0,0,0,0,2,1,1,0,0,0,0,0,
buch,-0.7375334217007977,1.1824233033469915,Q24,"[Black, Adam u. Charles]",548,539,1,0,0,0,1,2,1,1,2,0,0,0,0,539,1,0,0,0,1,2,1,1,2,0,0,0,0,
buch,1.1965325331824768,1.256102915354821,Q25,"Blumenthal, Oscar",118,83,0,0,0,2,0,18,1,2,0,0,0,0,0,83,0,0,0,2,0,18,1,2,0,0,0,0,0,
buch,0.6897282726341116,1.157164247702494,Q26,"Böhm, Richard",218,213,0,0,0,0,0,3,1,2,0,0,0,0,0,213,0,0,0,0,0,3,1,2,0,0,0,0,0,
buch,0.23054541827538505,1.1881485552294266,Q27,[ohne Angabe],350,345,0,0,0,0,0,3,1,2,0,0,0,0,0,345,0,0,0,0,0,3,1,2,0,0,0,0,0,
buch,-1.251330005635941,0.7531274613582029,Q28,"Dahn, Felix",638,626,6,3,0,2,0,1,1,1,3,0,1,0,0,626,6,3,0,2,0,1,1,1,3,0,1,0,0,
buch,0.17589005728020993,1.1950810608183595,Q29,"[Lawrence, Steven] Edwards, Anni",368,360,0,0,0,0,0,5,1,2,0,0,0,0,0,360,0,0,0,0,0,5,1,2,0,0,0,0,0,
buch,4.34200595513741,0.02410883499080428,Q3,"Fontane, Theodor",368,339,3,0,3,6,0,8,3,1,3,0,0,3,0,339,3,0,3,6,0,8,3,1,3,0,0,3,0,
buch,1.1051756140268592,0.861436917894152,Q30,"Fitger, Arthur",116,111,0,0,0,0,0,4,1,1,1,0,0,0,0,111,0,0,0,0,0,4,1,1,1,0,0,0,0,
buch,0.045025764618210735,5.067336730765806,Q31,"Forster, John",492,481,0,0,0,0,8,3,1,1,0,0,0,0,0,481,0,0,0,0,8,3,1,1,0,0,0,0,0,
buch,1.9266372772732323,1.1271623793949654,Q32,"Baumbach, Rudolf; Dahn, Felix; Ebers, Georg; Ebner-Eschenbach, Marie von; Eckstein, Ernst; Fontane, Theodor; Franzos, Karl Emil; Fulda, Ludwig; Heyse, Paul; Hopfen, Hans; Jensen, Wilhelm; Lingg, Hermann; Meyer, Conrad Ferdinand; Schubin, Ossip; Spielhagen, Friedrich; Sudermann, Hermann; Voß, Richard; Wichert, Ernst; Wolff, Julius",324,314,0,0,0,0,3,4,2,2,0,0,0,0,0,314,0,0,0,0,3,4,2,2,0,0,0,0,0,
buch,-2.6714339713731214,-10.216347402046926,"Q33,1","Freytag, Gustav",462,135,78,7,0,240,0,61,2,1,27,24,0,0,0,135,78,7,0,240,0,61,2,1,27,24,0,0,0,
buch,-0.5755905602477286,-9.414086628970143,"Q33,2","Freytag, Gustav",432,100,38,10,0,256,0,65,2,1,19,10,0,0,0,100,38,10,0,256,0,65,2,1,19,10,0,0,0,
buch,2.5567933421829885,-1.6640907127155842,Q34,"Geibel, Emanuel",406,390,0,0,0,0,0,4,5,2,0,0,0,0,0,390,0,0,0,0,0,4,5,2,0,0,0,0,0,
buch,-0.7704082708762231,-2.0028816262127505,Q35,"Gensichen, Otto Franz",108,92,7,12,0,0,0,1,1,2,11,3,1,0,0,92,7,12,0,0,0,1,1,2,11,3,1,0,0,
buch,-4.610057966008024,0.3105095865884027,"Q36,1","Goethe, Johann Wolfgang von",636,595,4,3,0,30,0,1,1,1,29,0,0,0,0,595,4,3,0,30,0,1,1,1,29,0,0,0,0,
buch,-4.057403582270939,-0.9756347875137472,"Q36,2","Goethe, Johann Wolfgang von",926,860,54,8,1,5,0,1,1,1,12,12,1,0,0,860,54,8,1,5,0,1,1,1,12,12,1,0,0,
buch,-1.809797090431293,1.5496641338772361,"Q36,4","Goethe, Johann Wolfgang von",862,845,8,1,0,2,0,1,1,1,0,0,0,0,0,845,8,1,0,2,0,1,1,1,0,0,0,0,0,
buch,-1.4672994321262902,1.5132232809411885,"Q36,5","Goethe, Johann Wolfgang von",762,731,0,0,0,24,0,1,1,1,0,0,0,0,0,731,0,0,0,24,0,1,1,1,0,0,0,0,0,
buch,-1.2295087063128534,1.3829380142594225,"Q36,6","Goethe, Johann Wolfgang von",704,697,0,0,0,0,0,2,1,1,0,0,0,0,0,697,0,0,0,0,0,2,1,1,0,0,0,0,0,
buch,0.7299525450385662,0.8347713602907023,Q37,"Hamerling, Robert",204,192,1,0,0,1,0,4,1,1,0,0,0,0,0,192,1,0,0,1,0,4,1,1,0,0,0,0,0,
buch,-2.293256100703095,-6.25668276133744,Q38,"Hamerling, Robert",290,201,41,11,2,1,0,3,1,3,34,11,8,0,0,201,41,11,2,1,0,3,1,3,34,11,8,0,0,
buch,1.756863066613319,-4.458655172992404,Q39,"Heine, Heinrich",330,290,11,0,1,8,0,1,3,1,4,7,12,0,0,290,11,0,1,8,0,1,3,1,4,7,12,0,0,
buch,-1.25091431024749,1.235029736072204,"Q4,1","Fontane, Theodor",772,681,0,0,0,2,0,12,1,1,1,0,0,0,0,681,0,0,0,2,0,12,1,1,1,0,0,0,0,
buch,0.0203720912003364,0.821863454484725,"Q4,2","Fontane, Theodor",341,318,0,0,0,0,0,16,1,1,0,0,0,0,0,318,0,0,0,0,0,16,1,1,0,0,0,0,0,
buch,1.278789806082335,1.1747612083255965,Q40,"Hertz, Wilhelm ",72,66,0,0,0,0,0,2,1,2,0,0,0,0,0,66,0,0,0,0,0,2,1,2,0,0,0,0,0,
buch,-0.8067126778588197,-2.754755923815279,"Q41,1","Heyse, Paul",352,301,24,5,1,1,0,3,2,2,11,15,1,0,0,301,24,5,1,1,0,3,2,2,11,15,1,0,0,
buch,0.3414530430592902,1.173194361332143,"Q41,2","Heyse, Paul",316,312,0,0,0,0,0,2,1,2,0,0,0,0,0,312,0,0,0,0,0,2,1,2,0,0,0,0,0,
buch,0.28567847638615834,1.1814877036024216,"Q41,3","Heyse, Paul",334,329,0,0,0,0,0,2,1,2,0,0,0,0,0,329,0,0,0,0,0,2,1,2,0,0,0,0,0,
buch,0.18444587577609775,0.38752479015906494,"Q41,4","Heyse, Paul",420,411,0,0,0,0,0,4,2,2,0,0,0,0,0,411,0,0,0,0,0,4,2,2,0,0,0,0,0,
buch,0.07287649492727427,1.2298946320877076,"Q41,5","Heyse, Paul",404,393,0,0,0,0,0,2,1,2,0,0,0,0,0,393,0,0,0,0,0,2,1,2,0,0,0,0,0,
buch,0.019904490548404423,1.239574317928105,"Q41,7","Heyse, Paul",414,408,0,0,0,0,0,3,1,2,0,0,0,0,0,408,0,0,0,0,0,3,1,2,0,0,0,0,0,
buch,-2.5041214938466148,-1.5911139403041206,"Q42,1-4","Heyse, Paul",514,474,10,17,1,0,0,5,1,2,12,6,1,0,0,474,10,17,1,0,0,5,1,2,12,6,1,0,0,
buch,1.0301305195818011,1.1723442304872391,"Q42,11","Heyse, Paul",138,117,4,0,0,1,0,11,1,2,0,0,0,0,0,117,4,0,0,1,0,11,1,2,0,0,0,0,0,
buch,1.2908296701809234,-0.4636673938421189,Q43,"Heyse, Paul",236,217,1,0,0,1,0,15,3,2,0,0,0,0,0,217,1,0,0,1,0,15,3,2,0,0,0,0,0,
buch,-2.656737031490271,-4.891856172696396,Q44,"Heyse, Paul",392,279,60,16,2,5,0,58,4,1,22,10,0,0,0,279,60,16,2,5,0,58,4,1,22,10,0,0,0,
buch,-0.15703190071502632,0.2747576150693879,Q45,"Heyse, Paul",456,443,0,0,0,0,0,0,2,1,0,0,0,0,0,443,0,0,0,0,0,0,2,1,0,0,0,0,0,
buch,1.9586587673591602,7.447604559412221,Q46,"Heyse, Paul",398,347,0,0,0,0,0,8,1,10,0,0,0,0,0,347,0,0,0,0,0,8,1,10,0,0,0,0,0,
buch,1.2284927937545862,0.23898536485219352,Q47,"Heyse, Paul",118,110,0,0,0,0,0,2,2,2,1,0,0,0,0,110,0,0,0,0,0,2,2,2,1,0,0,0,0,
buch,-0.33343270321303237,-1.2417182368266557,Q48,"Hopfen, Hans",306,270,9,6,1,0,0,17,2,1,9,0,2,0,0,270,9,6,1,0,0,17,2,1,9,0,2,0,0,
buch,-4.913747939605664,-4.781840905811557,Q49,"Hopfen, Hans",576,426,86,14,1,1,0,90,2,2,21,21,2,0,0,426,86,14,1,1,0,90,2,2,21,21,2,0,0,
buch,-0.48301286569607743,2.475065783556188,"Q5,1,1","Fontane, Theodor",382,361,0,0,4,0,0,5,1,1,2,0,3,0,0,361,0,0,4,0,0,5,1,1,2,0,3,0,0,
buch,-0.5395246919087782,1.0556823102777675,"Q5,1,2","Fontane, Theodor",512,494,0,0,0,0,0,3,1,1,0,0,0,0,0,494,0,0,0,0,0,3,1,1,0,0,0,0,0,
buch,-0.3557056492367783,0.9786563612345396,"Q5,2,1","Fontane, Theodor",447,437,0,0,0,1,0,1,1,1,0,0,0,0,0,437,0,0,0,1,0,1,1,1,0,0,0,0,0,
buch,-0.9742483712586487,1.2395457091553543,"Q5,2,2","Lenau, Nikolaus",624,619,0,0,0,0,0,2,1,1,0,0,0,0,0,619,0,0,0,0,0,2,1,1,0,0,0,0,0,
buch,0.8137854036834717,0.32230361271373503,Q50,"Lenau, Nikolaus",244,235,0,0,0,0,0,3,2,2,0,0,0,0,0,235,0,0,0,0,0,3,2,2,0,0,0,0,0,
buch,0.5577820576812534,-1.3086420617419325,Q51,"Lenau, Nikolaus",374,363,0,5,0,2,0,2,3,2,2,2,3,0,0,363,0,5,0,2,0,2,3,2,2,2,3,0,0,
buch,0.9193830071582159,-0.46648967395032837,Q52,"Lenau, Nikolaus",386,372,1,0,0,2,0,4,3,2,0,0,0,0,0,372,1,0,0,2,0,4,3,2,0,0,0,0,0,
buch,0.4153958864433864,1.1627291777647608,Q53,"Lepel, Bernhard von",299,289,0,0,0,0,0,3,1,2,0,0,0,0,0,289,0,0,0,0,0,3,1,2,0,0,0,0,0,
buch,1.1697846342390654,-1.7247244151090164,Q54,"Lepel, Bernhard von",226,207,6,2,1,1,0,5,3,1,2,0,5,0,0,207,6,2,1,1,0,5,3,1,2,0,5,0,0,
buch,0.5915670345706711,-0.5267113595923832,Q55,[ohne Angabe],172,157,14,3,0,0,0,1,2,1,2,2,1,0,0,157,14,3,0,0,0,1,2,1,2,2,1,0,0,
buch,-12.72312564671714,7.856054635566369,Q56,"Pantenius, Theodor Hermann",458,414,16,3,0,4,0,1,2,1,22,1,1,0,9,414,16,3,0,4,0,1,2,1,22,1,1,0,9,
buch,-0.5787570476044985,0.566061433265453,Q57,"Pantenius, Theodor Hermann",564,558,0,0,0,0,0,3,2,2,0,0,0,0,0,558,0,0,0,0,0,3,2,2,0,0,0,0,0,
buch,-0.21706730041640718,0.1963122205808988,Q58,"Pietsch, Ludwig",456,444,0,0,0,1,0,7,2,1,2,0,0,0,0,444,0,0,0,1,0,7,2,1,2,0,0,0,0,
buch,0.08431267175986368,1.1513747774106977,Q59,"Fontane, Theodor",384,378,3,1,0,0,0,1,1,2,0,0,0,0,0,378,3,1,0,0,0,1,1,2,0,0,0,0,0,
buch,-0.21984290221966019,-0.14364014548822712,Q6,"Pietsch, Ludwig",442,426,0,0,2,2,0,0,2,1,0,0,1,0,0,426,0,0,2,2,0,0,2,1,0,0,1,0,0,
buch,-1.3846196058773321,-2.2716223965215128,Q60,"Platen, August von",262,170,44,16,0,2,0,12,2,2,1,0,0,0,0,170,44,16,0,2,0,12,2,2,1,0,0,0,0,
buch,-0.11402416649505827,-0.3366796107519307,"Q61,1","Platen, August von",364,308,17,0,0,0,0,32,2,1,0,0,0,0,0,308,17,0,0,0,0,32,2,1,0,0,0,0,0,
buch,0.15370773991585443,-0.1167013664764749,"Q61,2","Platen, August von",368,341,6,0,1,8,0,3,2,1,2,0,1,0,0,341,6,0,1,8,0,3,2,1,2,0,1,0,0,
buch,-0.1662644578039594,0.9948037352402433,"Q61,3","Platen, August von",388,378,0,0,0,0,1,2,1,1,0,0,0,0,0,378,0,0,0,0,1,2,1,1,0,0,0,0,0,
buch,-0.6429741580479608,0.507868210565217,"Q61,4","Platen, August von",428,410,10,2,0,1,0,2,1,1,0,0,2,0,0,410,10,2,0,1,0,2,1,1,0,0,2,0,0,
buch,0.8650733437519502,0.25001161898551333,Q62,"Roquette, Otto",283,218,0,0,0,6,0,0,2,2,1,0,0,0,0,218,0,0,0,6,0,0,2,2,1,0,0,0,0,
buch,0.7484976335898809,1.1576666039618053,Q63,"Roquette, Otto",200,197,0,0,0,0,0,2,1,2,0,0,0,0,0,197,0,0,0,0,0,2,1,2,0,0,0,0,0,
buch,-0.6380005354161774,-3.3934100136131407,Q64,"Roquette, Otto",208,169,21,5,0,5,0,2,2,1,10,19,0,0,0,169,21,5,0,5,0,2,2,1,10,19,0,0,0,
buch,1.6003065722942995,-0.8782801459812472,Q65,"Schiller, Friedrich von",168,156,2,0,2,2,0,3,3,2,0,0,2,0,0,156,2,0,2,2,0,3,3,2,0,0,2,0,0,
buch,-3.872824904680015,-2.192782172098103,"Q66,3-4","Schiller, Friedrich von",860,707,62,17,0,40,0,10,2,2,15,0,1,0,0,707,62,17,0,40,0,10,2,2,15,0,1,0,0,
buch,-3.285255690759236,-2.53430504144417,"Q66,5-6","Schiller, Friedrich von",956,812,41,15,0,37,0,51,4,2,5,3,1,0,0,812,41,15,0,37,0,51,4,2,5,3,1,0,0,
buch,-2.7448343596364744,1.2453209107829655,"Q66,7-8","Schiller, Friedrich von",816,713,0,0,0,0,0,83,2,2,1,0,0,0,0,713,0,0,0,0,0,83,2,2,1,0,0,0,0,
buch,1.537719379397243,3.1019190065000557,"Q67,1","Storm, Theodor",264,253,0,0,0,0,0,3,1,5,0,0,0,0,0,253,0,0,0,0,0,3,1,5,0,0,0,0,0,
buch,0.8895160527035318,0.311039229055348,"Q67,2","Storm, Theodor",220,211,0,0,0,0,0,6,2,2,0,0,0,0,0,211,0,0,0,0,0,6,2,2,0,0,0,0,0,
buch,0.6180136652156784,1.1622237316580766,"Q67,3","Storm, Theodor",242,232,0,0,0,0,0,4,1,2,0,0,0,0,0,232,0,0,0,0,0,4,1,2,0,0,0,0,0,
buch,0.5144629923097204,1.1592064955837171,"Q67,5","Storm, Theodor",272,259,0,0,0,0,0,4,1,2,0,0,0,0,0,259,0,0,0,0,0,4,1,2,0,0,0,0,0,
buch,0.8159076234793379,0.13070383183528367,"Q67,6","Storm, Theodor",222,209,7,1,0,0,0,1,2,2,0,1,0,0,0,209,7,1,0,0,0,1,2,2,0,1,0,0,0,
buch,0.615489868996178,1.1638557136859449,"Q67,8","Storm, Theodor",240,233,0,0,0,0,0,3,1,2,0,0,0,0,0,233,0,0,0,0,0,3,1,2,0,0,0,0,0,
buch,0.5589959051089423,0.8230902357707688,"Q67,9","Storm, Theodor",230,224,0,0,0,0,0,3,1,1,0,0,0,0,0,224,0,0,0,0,0,3,1,1,0,0,0,0,0,
buch,0.39464171431504785,0.813747743556538,Q68,"Trojan, Johannes",264,259,0,0,0,0,1,1,1,1,1,0,0,0,0,259,0,0,0,0,1,1,1,1,1,0,0,0,0,
buch,1.5222323418190027,0.4649983512612057,Q69,"Fontane, Theodor",223,217,0,0,0,0,2,2,2,2,1,0,0,0,0,217,0,0,0,0,2,2,2,2,1,0,0,0,0,
buch,1.6853875857866156,0.12239633989815024,Q7,"Trojan, Johannes",48,32,0,0,0,0,1,3,2,1,1,0,0,0,0,32,0,0,0,0,1,3,2,1,1,0,0,0,0,
buch,0.8391789453390184,0.3183155719366784,Q70,[ohne Angabe],252,226,0,0,0,0,0,5,2,2,0,0,0,0,0,226,0,0,0,0,0,5,2,2,0,0,0,0,0,
buch,1.252546791799709,0.8355901793120886,Q71,[ohne Angabe],88,86,0,0,0,0,0,1,1,1,2,0,0,0,0,86,0,0,0,0,0,1,1,1,2,0,0,0,0,
buch,1.3945456081915626,0.8714739327340579,Q72,[ohne Angabe],56,54,0,0,0,0,0,1,1,1,1,0,0,0,0,54,0,0,0,0,0,1,1,1,1,0,0,0,0,
buch,-0.3461849661707768,0.11873166947429763,Q73,"Vilmar, A[ugust] F[riedrich] C[hristian] ",488,461,0,2,0,12,0,6,2,1,1,0,0,0,0,461,0,2,0,12,0,6,2,1,1,0,0,0,0,
buch,4.033071655013782,5.085052463374526,Q74,"Wichmann, Herman ",348,302,1,0,0,0,8,24,1,6,8,0,2,0,0,302,1,0,0,0,8,24,1,6,8,0,2,0,0,
buch,-0.6436794689977483,0.2487401775844338,Q75,"Wilbrandt, Adolf",384,328,16,0,0,0,1,21,1,1,2,2,0,0,0,328,16,0,0,0,1,21,1,1,2,2,0,0,0,
buch,-6.51039136019863,-2.5611207173337367,Q76,"Immermann, Karl",812,584,40,13,0,4,0,137,1,2,14,26,1,0,0,584,40,13,0,4,0,137,1,2,14,26,1,0,0,
buch,0.2083147381001238,0.8342164500767488,Q77,"Wegner, Bertha",294,291,0,0,0,0,0,1,1,1,0,0,0,0,0,291,0,0,0,0,0,1,1,1,0,0,0,0,0,
buch,0.6028527827411756,1.1250651822163225,Q78,"Fontane, Theodor",243,235,0,0,0,0,0,1,1,2,1,0,0,0,0,235,0,0,0,0,0,1,1,2,1,0,0,0,0,
buch,0.7553252045320918,0.856881784527293,Q79,"Fontane, Theodor",217,190,0,0,0,0,0,14,1,1,0,0,0,0,0,190,0,0,0,0,0,14,1,1,0,0,0,0,0,
buch,0.0001329047298344008,-1.0015238117826006,Q8,"Lübke, Wilhelm",486,464,0,1,1,1,0,12,3,1,5,0,1,0,0,464,0,1,1,1,0,12,3,1,5,0,1,0,0,
buch,-0.9815678607115261,1.6228748997372804,Q80,"Lübke, Wilhelm",776,674,0,0,0,0,0,9,1,2,0,0,0,0,0,674,0,0,0,0,0,9,1,2,0,0,0,0,0,
buch,-3.2358471940408258,2.537096055846265,Q81,[ohne Angabe],1343,1250,3,1,0,3,0,20,1,1,0,0,0,0,0,1250,3,1,0,3,0,20,1,1,0,0,0,0,0,
buch,-1.571564900339661,-0.754761495009534,Q82,"Ritter, Benjamin",676,648,0,0,0,1,0,4,3,2,11,0,1,0,0,648,0,0,0,1,0,4,3,2,11,0,1,0,0,
buch,-1.0020177388083467,1.0589313947417818,"Q83,1","Ritter, Benjamin",645,600,0,0,0,2,0,11,1,1,2,0,0,0,0,600,0,0,0,2,0,11,1,1,2,0,0,0,0,
buch,-2.0225528291299097,1.7458480097936322,"Q83,2","Sachs, Karl",920,910,1,0,1,0,0,5,1,1,1,0,1,0,0,910,1,0,1,0,0,5,1,1,1,0,1,0,0,
buch,-0.13083512589737287,0.8498498850513341,"Q84,Suppl.","Sachs, Karl",376,369,0,0,0,0,0,3,1,1,1,0,0,0,0,369,0,0,0,0,0,3,1,1,1,0,0,0,0,
buch,-6.162381274842487,3.332267511326269,Q84,"Sachs, Karl",1674,1374,0,0,0,2,0,165,1,2,0,0,0,0,0,1374,0,0,0,2,0,165,1,2,0,0,0,0,0,
buch,-0.6602555078756488,0.7591886319766175,"Q85,1","Zedlitz-Neukirch, Leopold von",498,466,3,4,0,2,0,4,1,1,0,0,0,0,0,466,3,4,0,2,0,4,1,1,0,0,0,0,0,
buch,-0.6076768383976856,1.0785329894142803,"Q85,2","Zedlitz-Neukirch, Leopold von",520,514,0,0,0,0,0,4,1,1,0,0,0,0,0,514,0,0,0,0,0,4,1,1,0,0,0,0,0,
buch,-0.6652121322692817,0.9863137758064444,"Q85,3","Zedlitz-Neukirch, Leopold von",524,516,4,1,0,0,0,2,1,1,0,0,0,0,0,516,4,1,0,0,0,2,1,1,0,0,0,0,0,
buch,-0.6317789673751625,0.9236462909868229,"Q85,4","Zedlitz-Neukirch, Leopold von",498,492,1,0,1,2,0,1,1,1,0,0,1,0,0,492,1,0,1,2,0,1,1,1,0,0,1,0,0,
buch,-1.1489181945188618,1.341171443839057,"Q85,5","Zedlitz-Neukirch, Leopold von",676,673,0,0,0,0,0,1,1,1,0,0,0,0,0,673,0,0,0,0,0,1,1,1,0,0,0,0,0,
buch,1.613799512625515,0.05799936118842318,Q86,[ohne Angabe],28,22,0,0,0,0,0,0,2,1,0,0,0,0,0,22,0,0,0,0,0,0,2,1,0,0,0,0,0,
buch,0.07589250060347531,0.220964805590101,Q87(1854),[ohne Angabe],388,383,0,0,0,1,0,1,2,1,0,0,0,0,0,383,0,0,0,1,0,1,2,1,0,0,0,0,0,
buch,1.1928125206130196,0.7719359205518249,Q87(1857),[ohne Angabe],108,104,0,1,0,0,0,2,1,1,0,0,1,0,0,104,0,1,0,0,0,2,1,1,0,0,1,0,0,
buch,1.165580704800831,0.9078250228476699,Q88(1858),[ohne Angabe],108,102,0,0,0,0,0,3,1,1,0,0,0,0,0,102,0,0,0,0,0,3,1,1,0,0,0,0,0,
buch,1.3102405928396605,0.7729372412804896,Q88(1859),[ohne Angabe],108,106,0,0,1,0,0,1,1,1,0,0,1,0,0,106,0,0,1,0,0,1,1,1,0,0,1,0,0,
buch,1.165375305490335,0.9095175104345936,Q88(1860),[ohne Angabe],106,103,0,0,0,0,0,2,1,1,0,0,0,0,0,103,0,0,0,0,0,2,1,1,0,0,0,0,0,
buch,-0.050819993562823185,1.2642106799497208,Q89,[ohne Angabe],432,428,0,0,0,0,0,2,1,2,0,0,0,0,0,428,0,0,0,0,0,2,1,2,0,0,0,0,0,
buch,0.5399070004862843,-0.7821617768496868,"Q9,1-2","Fontane, Theodor",402,340,0,3,0,2,0,2,3,1,1,0,0,0,0,340,0,3,0,2,0,2,3,1,1,0,0,0,0,
buch,-0.1281622344541036,-0.6342567909952043,"Q9,3-4","Fontane, Theodor",548,505,0,0,0,0,0,1,3,1,0,0,0,0,0,505,0,0,0,0,0,1,3,1,0,0,0,0,0,
buch,1.7978503978739326,3.7937451696122326,Q90,[ohne Angabe],444,417,1,1,0,3,0,12,2,6,1,0,0,0,0,417,1,1,0,3,0,12,2,6,1,0,0,0,0,
buch,0.5786381149631551,1.0980172369001997,Q91,[ohne Angabe],260,247,0,0,1,1,0,4,1,2,1,0,0,0,0,247,0,0,1,1,0,4,1,2,1,0,0,0,0,
buch,0.6185031844906668,1.0019841096978397,Q92,[ohne Angabe],246,234,1,1,1,0,0,2,1,2,2,0,0,0,0,234,1,1,1,0,0,2,1,2,2,0,0,0,0,
buch,0.7331379567428469,0.23494344300537753,Q93,"Bodenstedt, Friedrich ",270,260,0,0,1,0,0,3,2,2,0,0,0,0,0,260,0,0,1,0,0,3,2,2,0,0,0,0,0,
buch,0.9065705536865563,-0.8297285713234248,Q94,"Spielhagen, Friedrich",276,228,0,2,0,9,0,7,3,1,3,0,0,0,0,228,0,2,0,9,0,7,3,1,3,0,0,0,0,
buch,0.8144176172892647,2.5165058053670357,Q95,"Fontane, Theodor",336,325,0,0,0,0,0,4,1,4,0,0,0,0,0,325,0,0,0,0,0,4,1,4,0,0,0,0,0,
buch,1.7613059983355206,-0.699794433366919,Q97,"Riedel, A.F. ",24,20,0,1,0,0,0,2,3,1,1,0,0,0,0,20,0,1,0,0,0,2,3,1,1,0,0,0,0,
buch,8.076641320150019,-12.746807661292369,Q98,"Scherenberg, Christian Friedrich",248,215,3,11,23,4,0,4,3,1,0,0,24,0,0,215,3,11,23,4,0,4,3,1,0,0,24,0,0,
buch,0.9911991597278014,-1.1158050178252976,Q99,"Scherenberg, Christian Friedrich",296,276,8,1,0,0,0,1,3,1,0,0,3,0,0,276,8,1,0,0,0,1,3,1,0,0,3,0,0,
buch,2.634650407047771,-2.3307623733421403,"VI,12(Andr.)","Stempel, Max",124,110,7,0,1,0,0,0,5,3,1,4,2,0,0,110,7,0,1,0,0,0,5,3,1,4,2,0,0,
