ID,Signatur,KurzSignatur,Inventarisierungsnummer,Alte_Signatur,Alte_Inv-Nr,Herausgeber,Verfasser,Titel ,Kurztitel,Verlag,Ort,Auflage,Jahr,Titelaufnahme_nach_Rasch-Artikel,Formalschlagwort_Genre,Exemplar,Rasch-Anmerkung,Bemerkungen,
"TFA-A-Q1,0001",TFA-A-Q1,Q1, Hs 1961:1,W35,Hs 1936:117,null,"Fontane, Theodor",Ellernklipp : nach einem Harzer Kirchenbuch,Ellernklipp,Hertz,Berlin,null,1881,"Theodor Fontane: Ellernklipp.
Nach e. Harzer Kirchenbuch. Berlin: Hertz 1881. 177 S. 8°",Novelle,3,Eigenhändiger Besitzeintrag Fontanes auf dem Vorsatzblatt: Th. Fontane.,null,
"TFA-A-Q2,0001",TFA-A-Q2,Q2, Hs 1961:2,W36,Hs 1936:117,null,"Fontane, Theodor",Gedichte von Theodor Fontane,Gedichte von Theodor Fontane,Reimarus ,Berlin,null,1851,"Theodor Fontane: Gedichte. Berlin: Reimarus 1851. VIII, 296 S. 12°",Gedichtband,2,Mit Marginalien Theodor Fontanes.,null,
"TFA-A-Q3,0001",TFA-A-Q3,Q3, Hs 1961:3,W37,Hs 1936:117,null,"Fontane, Theodor",Gedichte von Th. Fontane,Gedichte von Th. Fontane,Hertz,Berlin,2. vermehrte Auflage,1875,"Th[eodor] Fontane: Gedichte. 2., verm.Aufl. Berlin: Hertz 1S75. VIII, 352 S. 8°",Gedichtband,2,"Eigenhändige Widmung auf dem Vorsatzblatt:
Meiner Frau Weihnachten 75.",null,
"TFA-A-Q4,1,0001","TFA-A-Q4,1","Q4,1",Hs 1961:4,W38,Hs 1936:117,null,"Fontane, Theodor",Der deutsche Krieg von 1866. Band I. Der Feldzug in Böhmen und Mähren. ,Der deutsche Krieg von 1866,null,null,null,1870,"Th[eodor] Fontane: Der deutsche Krieg von 1866. Mit Illustr. von Ludwig Burger. Bd. 1- 2. [Nebst:] Anhang: Die Denkmäler. Berlin: Decker 1870-71. VIII, 735; VII, 339, 56 S. Gr. 8°.",null,null,null,null,
"TFA-A-Q4,2,0001","TFA-A-Q4,2","Q4,2",Hs 1961:4,W39,Hs 1936:117,null,"Fontane, Theodor",Der deutsche Krieg von 1866. II. Band. Der Feldzug in West- und Mitteldeutschland.,Der deutsche Krieg von 1866,null,null,null,1871,"Th[eodor] Fontane: Der deutsche Krieg von 1866. Mit Illustr. von Ludwig Burger. Bd. 1- 2. [Nebst:] Anhang: Die Denkmäler. Berlin: Decker 1870-71. VIII, 735; VII, 339, 56 S. Gr. 8°.",null,null,null,null,
"TFA-A-Q5,1,1,0001","TFA-A-Q5,1,1","Q5,1,1",Hs 1961: 5,W40,Hs 1936:117,null,"Fontane, Theodor",Der Krieg gegen Frankreich 1870-1871.,Krieg gegen Frankreich,Decker,Berlin,null,1873-1876,"Th[eodor] Fontane: Der Krieg gegen
Frankreich 1870-1871. Bd. 1.1/2-2. 112.
Berlin: Decker 1873 - 1876. 362; VIII,
S. 363-854; VII, 427; XII, S. 429-1028 Gr. 8°",null,null,null,null,
"TFA-A-Q5,1,2,0001","TFA-A-Q5,1,2","Q5,1,2",Hs 1961:5,W41,Hs 1936:117,null,"Fontane, Theodor",Der Krieg gegen Frankreich 1870-1871.,Krieg gegen Frankreich,Decker,Berlin,null,1873-1877,"Th[eodor] Fontane: Der Krieg gegen
Frankreich 1870-1871. Bd. 1.1/2-2. 112.
Berlin: Decker 1873 - 1876. 362; VIII,
S. 363-854; VII, 427; XII, S. 429-1028 Gr. 8°",null,null,null,null,
"TFA-A-Q5,2,1,0001","TFA-A-Q5,2,1","Q5,2,1",Hs 1961:5,W42,Hs 1936:117,null,"Fontane, Theodor",Der Krieg gegen Frankreich 1870-1871.,Krieg gegen Frankreich,Decker,Berlin,null,1873-1878,"Th[eodor] Fontane: Der Krieg gegen
Frankreich 1870-1871. Bd. 1.1/2-2. 112.
Berlin: Decker 1873 - 1876. 362; VIII,
S. 363-854; VII, 427; XII, S. 429-1028 Gr. 8°",null,null,null,null,
"TFA-A-Q5,2,2,0001","TFA-A-Q5,2,2","Q5,2,2",Hs 1961:5,W43,Hs 1936:117,null,"Fontane, Theodor",Der Krieg gegen Frankreich 1870-1871.,Krieg gegen Frankreich,Decker,Berlin,null,1873-1879,"Th[eodor] Fontane: Der Krieg gegen
Frankreich 1870-1871. Bd. 1.1/2-2. 112.
Berlin: Decker 1873 - 1876. 362; VIII,
S. 363-854; VII, 427; XII, S. 429-1028 Gr. 8°",null,null,null,null,
"TFA-A-Q6,0001",TFA-A-Q6,Q6, 1961:6,W44,Hs 1936:117,null,"Fontane, Theodor",Der Schleswig Holsteinsche Krieg im Jahre 1864,Schleswig Holsteinsche-Krieg,Decker,Berlin,null,1866,"Th[eodor] Fontane: Der Schleswig-Holsteinsche Krieg im Jahre 1864. Mit 4 Portr., 56 in d. Text gedr. Abb. u. Plänen in Holzschn. u . 9 Karten in Steindruck. Berlin: Decker 1866. VII, 374 S. Gr. 8°",Kriegsbücher,2,"Eigenhändige Widmung auf dem Vorsatzblatt:Seiner lieben Frau / Th: Fontane / Berlin /
13. April 66.
",null,
"TFA-A-Q7,0001",TFA-A-Q7,Q7,Hs 1961:7,W45,Hs 1936:117,null,"Fontane, Theodor",Männer und Helden : Acht Preußen-Lieder,Männer und Helden,Hayn,Berlin,null,1850,"Th [eodor] Fontane: Männer und Helden. Acht Preußen-Lieder. Berlin: Hayn 1850.
40 S. Gr. 8°",null,2,Eigenhändige Eintragung Theodor Fontanes auf dem Titelblatt: Exemplar aus dem Nach- / laß meines Papas. Fontanes Vater starb im Jahr 1867. – Neuer Halbleinenband. Auf d. hinteren Innendeckel klebt e. Ausschnitt aus e. Auktionskatalog von Kar! & Faber 1964. ,null,
"TFA-A-Q8,0001",TFA-A-Q8,Q8,Hs 1961:8,null,null,null,"Fontane, Theodor",Fünf Schlösser. Altes und Neues aus Mark Brandenburg. ,Fünf Schlösser,Hertz,Berlin,null,1889,Theodor Fontane: Fünf Schlösser. Altes und Neues aus Mark Brandenburg. Berlin: Hertz 1889. ,Reisebericht,2,null,null,
"TFA-A-Q9, 1-2,0001","TFA-A-Q9,1-2","Q9,1-2", Hs 1961:9,W46,Hs 1936:117,null,"Fontane, Theodor",Vor dem Sturm : Roman aus dem Winter 1812 auf 13 ; 1 ; Hohen-Vietz,Hohen-Vietz,Hertz,Berlin,null,1878,"Theodor Fontane: Vor dem Sturm.Roman aus dem Winter 1S12 auf 13. Bd. 1-4. Berlin: Hertz, 1878.162; 220; 244; 285 S. 8°",Roman,2,"Exemplar aus dem Besitz von Emilie Fontane. Widmung auf dem Vorsatzblatt: Frau
Emilie Fontane / am 14. November 1878 / überreicht von W Hertz.",null,
"TFA-A-Q9, 1-2,0173","TFA-A-Q9,1-2","Q9,1-2", Hs 1961:9,W46,Hs 1936:117,null,"Fontane, Theodor",Vor dem Sturm : Roman aus dem Winter 1812 auf 13 ; 2 ; Schloss Guse,Schloss Guse,Hertz,Berlin,null,1878,"Theodor Fontane: Vor dem Sturm.Roman aus dem Winter 1S12 auf 13. Bd. 1-4. Berlin: Hertz, 1878.162; 220; 244; 285 S. 8°",Roman,2,"Exemplar aus dem Besitz von Emilie Fontane. Widmung auf dem Vorsatzblatt: Frau
Emilie Fontane / am 14. November 1878 / überreicht von W Hertz.",null,
"TFA-A-Q9, 3-4,0001","TFA-A-Q9, 3-4","Q9, 3-4",Hs 1961:9,W47,Hs 1936:117,null,"Fontane, Theodor",Vor dem Sturm : Roman aus dem Winter 1812 auf 13 ; 3 ; Alt-Berlin,Alt-Berlin,Hertz,Berlin,null,1878,"Theodor Fontane: Vor dem Sturm.Roman aus dem Winter 1S12 auf 13. Bd. 1-4. Berlin: Hertz, 1878.162; 220; 244; 285 S. 8°",Roman,2,Exemplar aus dem Besitz von Emilie Fontane. Widmung auf dem Vorsatzblatt: Frau   Emilie Fontane / am 14. November 1878 / überreicht von W Hertz.,null,
"TFA-A-Q9, 3-4,0255","TFA-A-Q9,3-4","Q9,3-4",Hs 1961:9,W47,Hs 1936:117,null,"Fontane, Theodor",Vor dem Sturm : Roman aus dem Winter 1812 auf 13 ; 4 ; Wieder in Hohen-Vietz,Wieder in Hohen-Vietz,Hertz,Berlin,null,1878,"Theodor Fontane: Vor dem Sturm.Roman aus dem Winter 1S12 auf 13. Bd. 1-4. Berlin: Hertz, 1878.162; 220; 244; 285 S. 8°",Roman,2,Exemplar aus dem Besitz von Emilie Fontane. Widmung auf dem Vorsatzblatt: Frau   Emilie Fontane / am 14. November 1878 / überreicht von W Hertz.,null,
"TFA-A-Q10,0001",TFA-A-Q10,Q10,Hs 1961:10,W49,Hs 1936:117,null,"Fontane, Theodor",Wanderungen durch die Mark Brandenburg 1 : Die Grafschaft Ruppin ; Barnim-Teltow,Grafschaft Ruppin,Hertz,Berlin,2. vermehrte Auflage,1865,"Theodor Fontane: Die Grafschaft Ruppin. Barnim-Teltow. 2. verm. Aufl. Berlin: Hertz 1865. XVI, 544 . 8° (Wanderungen durch die Mark Brandenburg. Theil l.)",Reisebericht,4,"Handexemplar des Dichters, mit weißem Papier durchschossen, darauf eigenhändige
Ergänzungen u. Korrekturen Fontanes
sowie eingeklebte Zeitungsartikel. Ferner Marginalien u. Nachträge auf einliegenden losen
Zetteln.",null,
"TFA-A-Q11,0001",TFA-A-Q11,Q11,Hs 1961:11,W50,Hs 1936:117,null,"Fontane, Theodor",Wanderungen durch die Mark Brandenburg 2 : Das Oderland ; Barnim. Lebus., Oderland,Hertz,Berlin,null,1863,"Theodor Fontane: Das Oderland. Barnim.Lebus. Berlin: Hertz 1863. V, 548 S. 8° (Wanderungen durch die Mark Brandenburg. Theil 2.)",Reisebericht,4,"Handexemplar des Dichters, mit
weißem Pap ier durchschossen, darauf eigenhändige
Ergänzungen u. Korrekturen Fontanes
sowie eingeklebte Zeitungsartikel u. Pläne. Ferner Marginalien u. Nachträge auf einliegenden losen
Zetteln.",null,
"TFA-A-Q12,0001",TFA-A-Q12,Q12, 1961:12,W51,Hs 1936:113,null,"Fontane, Theodor",Wanderungen durch die Mark Brandenburg 2 : Das Oderland ; Barnim. Lebus.,Oderland,Hertz,Berlin,null,1863,"Theodor Fontane: Das Oderland. Barnim. Lebus. Berlin: Hertz 1863. V, 548 S. 8° (Wanderungen durch die Mark Brandenburg.Theil2.)",Reisebericht,2,"Exemplar auf besserem Papier. Aus dem Besitz von Emilie Fontane. Mit Widmung
auf dem Vorsatzblatt: Frau Fontane / der Verleger / Berlin / d. 9. November 63.",null,
"TFA-A-Q13,0001",TFA-A-Q13,Q13,Hs 1961:13,null,null,null,Theodor Fontane,Wanderungen durch die Mark Brandenburg 2 : Das Oderland ; Barnim. Lebus.,Oderland,Hertz,Berlin,null,1963,"Theodor Fontane: Das Oderland. Barnim. Lebus. Berlin: Hertz 1863. V, 548 S. 8° (Wanderungen durch die Mark Brandenburg.Theil2.)",Reisebericht,1,null,null,
"TFA-A-Q14,0001",TFA-A-Q14,Q14,Hs 1961:14,W52,Hs 1936:117,null,"Fontane, Theodor","Wanderungen durch die Mark Brandenburg 3 : Ost-Havelland ; Die Landschaft um Spandau, Potsdam, Brandenburg",Ost-Havelland,Hertz,Berlin,null,1873,"Theodor Fontane: Ost-Havelland.
Die Landschaft um Spandau, Potsdam, Brandenburg.
Berlin : Hertz 1873 . VIII, 460 S. 8°
(Wanderungen durch die Mark Brandenburg.
Theil 3.)",Reisebericht,"2,4","Eigenhändige Widmung auf dem
Vorsatzblatt: Seiner lieben Frau / zum 14. November 1872 /von ihrem / Th. F. (Emilie Fontane feierte am
14. November Geburtstag.) Mit Marginalien Theodor Fontanes u. eingeklebten oder lose beiliegenden
Zetteln u. Zeitungsausschnitten mit eigenhändi gen
Aufzeichnungen des Dichters.",null,
"TFA-A-Q15,0001",TFA-A-Q15,Q15,HS 1961:15,null,Hs 1937:118,null,"Fontane, Theodor","Wanderungen durch die Mark Brandenburg 3 : Ost-Havelland ; Die Landschaft um Spandau, Potsdam, Brandenburg",Ost-Havelland,Hertz,Berlin,null,1873,"Theodor Fontane: Ost-Havelland.
Die Landschaft um Spandau, Potsdam, Brandenburg.
Berlin : Hertz 1873 . VIII, 460 S. 8°
(Wanderungen durch die Mark Brandenburg.
Theil 3.)",Reisebericht,1,null,null,
"TFA-A-Q16,0001",TFA-A-Q16,Q16, Hs 1961:16,null,Hs 1937:118,null,"Fontane, Theodor",Wanderungen durch die Mark Brandenburg 4 : Spreeland ; Beeskow-Storkow und Barnim-Teltow,Spreeland,Hertz,Berlin,null,1882,"Theodor Fontane: Spreeland. Beeskow-Storkow u . Barnim-Teltow. Berlin: Hertz 1882. IX, 459 S. 8° (Wanderungen durch die Mark Brandenburg. Theil 4.)",Reisebericht,1,Einige handschriftliche Marginalien auf dem Vorsatzblatt u. im Buch (möglicherweise nicht von Theodor Fontane).,Handschriftlichen Anmerkungen sind von Otto Pniower. 1 oder 2  Anmerkungen könnten von Fontane sein. ,
"TFA-A-Q17,0001",TFA-A-Q17,Q17,Hs 1961:17,W53,Hs 1936:117,null,"Fontane, Theodor",Von Zwanzig bis Dreißig : Autobiographisches,Von Zwanzig bis Dreißig,F. Fontane & Co.,Berlin,null,1898,"Theodor Fontane: Von Zwanzig bis
Dreißig. Autobiographisches. Berlin :
Fontane 1898. XI, 679 S. 8°",Autobiographie,"1,2","Exemplar aus dem Besitz Emilie Fontanes. Notiz (wahrscheinlich von Friedrich Fontane): Mama 's Exemplar.- Auf der Rückseite des Titelblatts Vermerk von Joachim Schobeß: Dieses
Buch war versehentlich / in den Bibliotheksbestand /
gekommen. Zurück in / Fontanes Handbücherei.",null,
"TFA-A-Q18,0001, 1-3","TFA-A-Q18,1-3","Q18,1-3", Hs 1961:18,W6,Hs 1936:117,null,"Alexis, Willibald",Gesammelte Werke 1-3 : Der Roland von Berlin 1,Roland von Berlin 1,Janke,Berlin,null,1861,"Willibald Alexis (W. Häring): Gesammelte Werke. Volks-Ausgabe. Bd. 1-8. Berlin:Janke 1861. 246; 224; 264; VIII, 241; 234; 218; 245; 266 S. Kl. 8°",Roman,4,"Mit zahlreichen Anstreichungen u. Marginalien Fontanes. Exlibris-Stempel von Friedrich Fontane. Auf dem Innendeckel von
Bd.1 handschriftliches Datum 30 7 / 68. Auf dem Vorsatzblatt von Bd.1 findet sich ein weiterer
winziger Eintrag mit Bleistift (möglicherweise Erwerbsdatum von Fontane): 7/4. 63. (1 - 15). - Diese
»Volks-Ausgabe« von Alexis' Werken erschien von 1861-68 u. umfaßte insgesamt
18 Bände.",null,
"TFA-A-Q18,0256, 1-3","TFA-A-Q18,1-3","Q18,1-3",Hs 1961:18,W6,Hs 1936:117,null,"Alexis, Willibald",Gesammelte Werke 1-3 : Der Roland von Berlin 2,Roland von Berlin 2,Janke,Berlin,null,1861,"Willibald Alexis (W. Häring): Gesammelte Werke. Volks-Ausgabe. Bd. 1-8. Berlin:Janke 1861. 246; 224; 264; VIII, 241; 234; 218; 245; 266 S. Kl. 8°",Roman,4,"Mit zahlreichen Anstreichungen u. Marginalien Fontanes. Exlibris-Stempel von Friedrich Fontane. Auf dem Innendeckel von
Bd.1 handschriftliches Datum 30 7 / 68. Auf dem Vorsatzblatt von Bd.1 findet sich ein weiterer
winziger Eintrag mit Bleistift (möglicherweise Erwerbsdatum von Fontane): 7/4. 63. (1 - 15). - Diese
»Volks-Ausgabe« von Alexis' Werken erschien von 1861-68 u. umfaßte insgesamt
18 Bände.",null,
"TFA-A-Q18,0484, 1-3","TFA-A-Q18,1-3","Q18,1-3",Hs 1961:18,W6,Hs 1936:117,null,"Alexis, Willibald",Gesammelte Werke 1-3 : Der Roland von Berlin 3,Roland von Berlin 3,Janke,Berlin,null,1861,"Willibald Alexis (W. Häring): Gesammelte Werke. Volks-Ausgabe. Bd. 1-8. Berlin:Janke 1861. 246; 224; 264; VIII, 241; 234; 218; 245; 266 S. Kl. 8°",Roman,4,"Mit zahlreichen Anstreichungen u. Marginalien Fontanes. Exlibris-Stempel von Friedrich Fontane. Auf dem Innendeckel von
Bd.1 handschriftliches Datum 30 7 / 68. Auf dem Vorsatzblatt von Bd.1 findet sich ein weiterer
winziger Eintrag mit Bleistift (möglicherweise Erwerbsdatum von Fontane): 7/4. 63. (1 - 15). - Diese
»Volks-Ausgabe« von Alexis' Werken erschien von 1861-68 u. umfaßte insgesamt
18 Bände.",null,
"TFA-A-Q18,0001,4-8","TFA-A-Q18,4-8","Q18,4-8", Hs 1961:18,W8,Hs 1936:117,null,"Alexis, Willibald",Gesammelte Werke 4-8 : Ruhe ist die erste Bürgerpflicht 4,Ruhe ist die erste Bürgerpflicht 4,Janke,Berlin,null,1861,"Willibald Alexis (W. Häring): Gesammelte Werke. Volks-Ausgabe. Bd. 1-8. Berlin:Janke 1861. 246; 224; 264; VIII, 241; 234; 218; 245; 266 S. Kl. 8°",Roman,4,"Mit zahlreichen Anstreichungen u. Marginalien Fontanes. Exlibris-Stempel von Friedrich Fontane. Auf dem Innendeckel von
Bd.1 handschriftliches Datum 30 7 / 68. Auf dem Vorsatzblatt von Bd.1 findet sich ein weiterer
winziger Eintrag mit Bleistift (möglicherweise Erwerbsdatum von Fontane): 7/4. 63. (1 - 15). - Diese
»Volks-Ausgabe« von Alexis' Werken erschien von 1861-68 u. umfaßte insgesamt
18 Bände.",null,
"TFA-A-Q18,0258, 4-8","TFA-A-Q18,4-8","Q18,4-8",Hs 1961:18,W8,Hs 1936:117,null,"Alexis, Willibald",Gesammelte Werke 4-8 : Ruhe ist die erste Bürgerpflicht 5,Ruhe ist die erste Bürgerpflicht 5,Janke,Berlin,null,1861,"Willibald Alexis (W. Häring): Gesammelte
Werke. Volks-Ausgabe. Bd. 1-8. Berlin:Janke
1861. 246; 224; 264; VIII, 241; 234; 218; 245; 266 S. Kl. 8°",null,4,"Mit zahlreichen Anstreichungen u. Marginalien Fontanes. Exlibris-Stempel von Friedrich Fontane. Auf dem Innendeckel von
Bd.1 handschriftliches Datum 30 7 / 68. Auf dem Vorsatzblatt von Bd.1 findet sich ein weiterer
winziger Eintrag mit Bleistift (möglicherweise Erwerbsdatum von Fontane): 7/4. 63. (1 - 15). - Diese
»Volks-Ausgabe« von Alexis' Werken erschien von 1861-68 u. umfaßte insgesamt
18 Bände.",Bd. 6-8 fehlt!,
"TFA-A-Q19,0001",TFA-A-Q19,Q19,Hs 1961:19,W1,Hs 1936:117,null,"Alexis, Willibald",Balladen,Balladen,Dümmler,Berlin,null,1836,"W[illibald] Alexis: Balladen. Berlin:
Dümmler 1836. 136 S. 8°",Ballade,4,Mit Anstreichungen u. Marginalien Fontanes.,null,
"TFA-A-Q20,0001,1-2","TFA-A-Q20,1-2",Q20,Hs 1961:20,W5,Hs 1936:117,null,"Alexis, Willibald",Der Wärwolf : vaterländischer Roman 1,Der Wärwolf ,Janke,Berlin,3. Auflage,1871,Willibald Alexis (W. Häring): Der Wärwolf. Vaterländischer Roman. 3. Aufl. Bd. 1-2. Berlin: Janke 1871. 240; 147 S. 8°,Roman,"2,4","Mit Anstreichungen u. Marginalien Theodor Fontanes, die beim späteren Einbinden teilweise abgeschnitten wurden.- Exlibris-Stempel von Friedrich Fontane.",null,
"TFA-A-Q20,0001,1-2","TFA-A-Q20,1-2",Q20,Hs 1961:20,W5,Hs 1936:117,null,"Alexis, Willibald",Der Wärwolf : vaterländischer Roman 2,Der Wärwolf ,Janke,Berlin,3. Auflage,1871,Willibald Alexis (W. Häring): Der Wärwolf. Vaterländischer Roman. 3. Aufl. Bd. 1-2. Berlin: Janke 1871. 240; 147 S. 8°,Roman,"2,4","Mit Anstreichungen u. Marginalien Theodor Fontanes, die beim späteren Einbinden teilweise abgeschnitten wurden.- Exlibris-Stempel von Friedrich Fontane.",null,
"TFA-A-Q21,0001",TFA-A-Q21,Q21,Hs 1961:21,W9,Hs 1936:117,null,"Alexis, Willibald",Der falsche Woldemar , Woldemar,Janke,Berlin,3.Auflage, [1872],Willibald Alexis (W. Häring): Der falsche Woldemar. Roman. 3.Aufl. Theil 1-3. Berlin: ]anke [1872]. 172; 250; 189 S. 8°,Roman,"2,4","Mit Anstreichungen u. Marginalien Theodor Fontanes, die beim späteren Einbinden teilweise abgeschnitten wurden. Fontane hat sich mehrere von Alexis' Romanen
binden lassen (braune Halblederbände mit
Rückenvergoldung). – Exlibris-Stempel von Friedrich Fontane.",null,
"TFA-A-Q22,1,0001","TFA-A-Q22,1","Q22,1", Hs 1961:22,W15,Hs 1936:117,null,"Ariosto, Ludovico",Ariosts Rasender Roland 1,Rasender Roland 1,Hertz,Berlin,null,1882,"Ariosts Rasender Roland. Übersetzt von Otto Gildemeister. Bd. 1-4. Berlin: Hertz 1882. VIII, 456; VII, 412; VII, 406; VIII, 446 S. 8°",Epos,2,Exlibris-Stempel von Friedrich Fontane in allen vier Bänden.,null,
"TFA-A-Q22,2,0001","TFA-A-Q22,2","Q22,2",Hs 1961:22,W16,Hs 1936:117,null,"Ariosto, Ludovico",Ariosts Rasender Roland 2,Rasender Roland 2,Hertz ,Berlin,null,1882,"Ariosts Rasender Roland. Übersetzt von Otto Gildemeister. Bd. 1-4. Berlin: Hertz 1882. VIII, 456; VII, 412; VII, 406; VIII, 446 S. 8°",Epos,2,Exlibris-Stempel von Friedrich Fontane in allen vier Bänden.,null,
"TFA-A-Q22,3,0001","TFA-A-Q22,3","Q22,3",Hs 1961:22,W17,Hs 1936:117,null,"Ariosto, Ludovico",Ariosts Rasender Roland 3,Rasender Roland 3,Hertz,Berlin,null,1882,"Ariosts Rasender Roland. Übersetzt von Otto Gildemeister. Bd. 1-4. Berlin: Hertz 1882. VIII, 456; VII, 412; VII, 406; VIII, 446 S. 8°",Epos,2,Exlibris-Stempel von Friedrich Fontane in allen vier Bänden.,null,
"TFA-A-Q22,4,0001","TFA-A-Q22,4","Q22,4",Hs 1961:22,W18,Hs 1936:117,null,"Ariosto, Ludovico",Ariosts Rasender Roland 4,Rasender Roland 4,Hertz,Berlin,null,1882,"Ariosts Rasender Roland. Übersetzt von Otto Gildemeister. Bd. 1-4. Berlin: Hertz 1882. VIII, 456; VII, 412; VII, 406; VIII, 446 S. 8°",Epos,2,Exlibris-Stempel von Friedrich Fontane in allen vier Bänden.,null,
"TFA-A-Q23,1,0001","TFA-A-Q23,1","Q23,1",Hs 1961:23,W20,Hs 1936:117,null,"Baechtold, Jakob",Gottfried Kellers Leben : seine Briefe und Tagebücher ; 1 ; 1819-1850,Kellers Leben 1,Hertz,Berlin,null,1894,"Jakob Baechtold: Gottfried Kellers Leben. Seine Briefe u. Tagebücher. Bd. 1-3. [Bd. 2 u. 3:] 2. Aufl. Berlin: Hertz 1894-1897.VII, 459; 544; 671 S. 8°","Briefe, Tagebücher","0,1?",In Bd. 2 liegt ein gedrucktes Blatt: »Ueberreicht / vom / Verleger«.,null,
"TFA-A-Q23,2,0001","TFA-A-Q23,2","Q23,2",Hs 1961:23,W21,Hs 1936:117,null,"Baechtold, Jakob",Gottfried Kellers Leben : Seine Briefe und Tagebücher ; 2 ; 1850-1861,Kellers Leben 2,Hertz,Berlin,null,1894,"Jakob Baechtold: Gottfried Kellers Leben. Seine Briefe u. Tagebücher. Bd. 1-3. [Bd. 2 u. 3:] 2. Aufl. Berlin: Hertz 1894-1897.VII, 459; 544; 671 S. 8°","Briefe, Tagebücher","0,1?",In Bd. 2 liegt ein gedrucktes Blatt: »Ueberreicht / vom / Verleger«.,null,
"TFA-A-Q23,3,0001","TFA-A-Q23,3","Q23,3",Hs 1961:23,W22,Hs 1936:117,null,"Baechtold, Jakob",Gottfried Kellers Leben : Seine Briefe und Tagebücher ; 3 ; 1861-1890 ,Kellers Leben 3,Hertz,Berlin,null,1897,"Jakob Baechtold: Gottfried Kellers Leben. Seine Briefe u. Tagebücher. Bd. 1-3. [Bd. 2 u. 3:] 2. Aufl. Berlin: Hertz 1894-1897.VII, 459; 544; 671 S. 8°","Briefe, Tagebücher","0,1?",In Bd. 2 liegt ein gedrucktes Blatt: »Ueberreicht / vom / Verleger«.,null,
"TFA-A-Q24,0001",TFA-A-Q24,Q24,Hs 1961:24,W23,Hs 1936:117,null,"[Black, Adam u. Charles]",Black's Guide to London and its environs,Black's Guide,Black,Edinburgh,null,1879,"[Adam u. Charles Black] Black's Guide to London and its environs. 7. edition. Illustrated with maps, plans, and views.
Edinburgh: Black 1879. XV, 382, 112 S. 8°",Reisebericht,"0,1?",null,null,
"TFA-A-Q25,0001",TFA-A-Q25,Q25,Hs 1961:25,W24,Hs 1936:117,null,"Blumenthal, Oscar",Aufrichtigkeiten,Aufrichtigkeiten,Freund & Jeckel,Berlin,null,1887,"Oscar Blumenthal: Aufrichtigkeiten. Berlin: Freund u. Jeckel 1887. XI, 98 S. 8°Berlin:",Gedichtband,2,Exlibris-Stempel von Friedrich Fontane.,null,
"TFA-A-Q26,0001",TFA-A-Q26,Q26,Hs 1961:26,W25,Hs 1936:117,null,"Böhm, Richard",Von Sansibar zum Tanganjika : Briefe aus Ostafrika,Von Sansibar zum Tanganjika,Brockhaus,Leipzig,null,1888,"Richard Böhm: Von Sansibar zum Tanganjika. Briefe aus Ostafrika. Nach d. Tode d. Reisenden mit e. biogr. Skizze hrsg. von
Herman Schalow. Mit d. Bildn. Böhms u. e. Uebersichtskarte. Leipzig: Brockhaus 1888.
XXXVI, 171 S. 8°",Briefband,2,Exlibris-Stempel von Friedrich Fontane.,null,
"TFA-A-Q27,0001,4",TFA-A-Q27,Q27,Hs 1961:27,W28,Hs 1936:117,"Cosmar, Alex[ander]",null,"Odeum : Eine Auswahl von ernsten und launigen Gedichten, welche sich zum mündlichen Vortrage in geselligen Kreisen eignen 4",Odeum,Zesch,Berlin,2. Auflage,1834,"Odeum. Eine Auswahl von ernsten u. launigen Gedichten, welche sich zum mündlichen Vortrage in geselligen Kreisen
eignen. Gesammelt u. hrsg. von Alex[ander) Cosmar. Bändchen 4, 6, 10. [Bändchen 4 u. 6:)
2. Aufl. Berlin: Zesch 1S34-1S39. IV, 123; IV, 124; 12S S. 16°",Gedichtband,2,Exlibris-Stempel von Friedrich Fontane. Die drei Bändchen sind zu Lebzeiten Fontanes zusammengebunden worden. - Bdchn. 4: 2. Aufl. 1834; Bdchn. 6: 2. Aufl. 1837; Bdchn. 10: 1839.,null,
"TFA-A-Q27,0091,6",TFA-A-Q27,Q27,Hs 1961:27,W28,Hs 1936:117,"Cosmar, Alex[ander]",null,"Odeum : Eine Auswahl von ernsten und launigen Gedichten, welche sich zum mündlichen Vortrage in geselligen Kreisen eignen 6",Odeum 6,Zesch,Berlin,2. Auflage,1837,"Odeum. Eine Auswahl von ernsten u. launigen Gedichten, welche sich zum mündlichen Vortrage in geselligen Kreisen
eignen. Gesammelt u. hrsg. von Alex[ander) Cosmar. Bändchen 4, 6, 10. [Bändchen 4 u. 6:)
2. Aufl. Berlin: Zesch 1S34-1S39. IV, 123; IV, 124; 12S S. 16°",Gedichtband,2,Exlibris-Stempel von Friedrich Fontane. Die drei Bändchen sind zu Lebzeiten Fontanes zusammengebunden worden. - Bdchn. 4: 2. Aufl. 1834; Bdchn. 6: 2. Aufl. 1837; Bdchn. 10: 1839.,null,
"TFA-A-Q27,0219,10",TFA-A-Q27,Q27,Hs 1961:27,W28,Hs 1936:117,"Cosmar, Alex[ander]",null,"Odeum : Eine Auswahl von ernsten und launigen Gedichten, welche sich zum mündlichen Vortrage in geselligen Kreisen eignen 10",Odeum 10,Zesch,Berlin,null,1839,"Odeum. Eine Auswahl von ernsten u. launigen Gedichten, welche sich zum mündlichen Vortrage in geselligen Kreisen
eignen. Gesammelt u. hrsg. von Alex[ander) Cosmar. Bändchen 4, 6, 10. [Bändchen 4 u. 6:)
2. Aufl. Berlin: Zesch 1S34-1S39. IV, 123; IV, 124; 12S S. 16°",Gedichtband,2,Exlibris-Stempel von Friedrich Fontane. Die drei Bändchen sind zu Lebzeiten Fontanes zusammengebunden worden. - Bdchn. 4: 2. Aufl. 1834; Bdchn. 6: 2. Aufl. 1837; Bdchn. 10: 1839.,null,
"TFA-A-Q28,0001",TFA-A-Q28,Q28,Hs 1961:28,W30,Hs 1936:117,null,"Dahn, Felix",Erinnerungen : Zweites Buch ; Die Universitätszeit,Erinnerungen,Breitkopf und Härtel,Leipzig,null,1891,"Felix Dahn: Erinnerungen. 2. Buch.
Die Universitätszeit. Leipzig: Breitkopf & Härtel 1891. 628 S. 8°",null,2,"Exlibris-Stempel von Friedrich
Fontane. S. 432 u. 434 berichtigende Marginalien
am Rand (möglicherweise von Friedrich Fontane).",null,
"TFA-A-Q29,0001",TFA-A-Q29,Q29,HS 1961:29,W31,HS 1936:117,null,"[Lawrence, Steven] Edwards, Anni","Steven Lawrence, Yeoman : In two volumes 1",Yeoman 1,Tauchnitz,Leipzig,null,1869,"[Steven Lawrence] Edwards: Yeoman.
In two volumes. Vol. I. Leipzig: Tauchnitz
1869. 359 S. 8° (Collection of British Authors.
Tauchnitz Edition. Vol. 1044.)",null,2,Exlibris-Stempel von Friedrich Fontane.,null,
"TFA-A-Q30,0001",TFA-A-Q30,Q30,Hs 1961:30,W34,HS 1936:117,null,"Fitger, Arthur",Die Hexe : Trauerspiel in fünf Aufzügen,Hexe,Schulze,Oldenburg und Leipzig,5. Auflage,1887,"A[rthur] Fitger: Die Hexe. Trauerspiel
in fünf Aufzügen. 5. Aufl. Oldenburg u.
Leipzig: Schulze [1887]. 103 S. 8°",Drama,null,null,null,
"TFA-A-Q31,0001",TFA-A-Q31,Q31,HS 1961:31,W54,Hs 1936:117,null,"Forster, John",Charles Dicken´s Leben : 2 ; 1842-1851,Dicken´s Leben 2,Decker,Berlin,null,1873,"John Forster: Charles Dickens' Leben.
Ins Deutsche übertragen von Friedrich
Althaus. (Vom Verfasser autorisirte Übersetzung.)
Bd. 2. 1842-1851. Mit dem Bildn.
Charles Dickens'. Berlin: Decker 1873. XV, 458 S., 2 Taf. S. 8°",Biografie,"1,2","Exlibris-Stempel von Friedrich
Fontane. – Insgesamt erschienen bei Decker von
der Dickens-Biographie drei Bände, die Fontane
möglicherweise alle hatte.",null,
"TFA-A-Q32,0001",TFA-A-Q32,Q32,HS 1961:32,W55,Hs 1936:117,null,"Baumbach, Rudolf; Dahn, Felix; Ebers, Georg; Ebner-Eschenbach, Marie von; Eckstein, Ernst; Fontane, Theodor; Franzos, Karl Emil; Fulda, Ludwig; Heyse, Paul; Hopfen, Hans; Jensen, Wilhelm; Lingg, Hermann; Meyer, Conrad Ferdinand; Schubin, Ossip; Spielhagen, Friedrich; Sudermann, Hermann; Voß, Richard; Wichert, Ernst; Wolff, Julius",Die Geschichte des Erstlingswerks : Selbstbiographische Aufsätze,Geschichte des Erstlingswerks,Titze,Leipzig,null,             [1894],"Die Geschichte des Erstlingswerks.
Selbstbiographische Aufsätze von Rudolf
Baumbach, Felix Dahn, Georg Ebers [ usw.].
Eingeleitet von Karl Emil Franzos. Mit d.
Jugendbildnissen d. Dichters. Leipzig: Titze
[1894]. XVIII, 296 S. 8°",Biografie,2,"Mit Besitzvermerk Emilie Fontanes
auf dem Vorsatzblatt: Frau Theodor Fontane. – Exlibris-Stempel von Friedrich Fontane.",null,
"TFA-A-Q33,1,0001","TFA-A-Q33,1","Q33,1",HS 1961:33,W56,Hs 1936:117,null,"Freytag, Gustav",Soll und Haben : Roman in sechs Büchern ; 1,Soll und Haben 1,Hirzel,Leipzig,null,1855,"Gustav Freytag: Soll und Haben. Roman
in sechs Büchern. Bd. 1-2. Leipzig: Hirzel
1855. 453; 422 S. 8°",Roman,"3,4","Besitzvermerk auf dem Vorsatzblatt:
Th. Fontane. Mit Anstreichungen u. Marginalien
Fontanes, die beim Binden teilweise abgeschnitten
wurden. – Titelblatt von Bd.1 fehlt. – Fontane
rezensierte den Roman im Literatur-Blatt des Deutschen
Kunstblattesam 26. Juli 1855.",null,
"TFA-A-Q33,2,0001","TFA-A-Q33,2","Q33,2",HS 1961:33,W57,Hs 1936:117,null,"Freytag, Gustav",Soll und Haben : Roman in sechs Büchern ; 2,Soll und Haben 2,Hirzel,Leipzig,null,1855,"Gustav Freytag: Soll und Haben. Roman
in sechs Büchern. Bd. 1-2. Leipzig: Hirzel
1855. 453; 422 S. 8°",Roman,"3,4",Siehe Band 1!,null,
"TFA-A-Q34,0001",TFA-A-Q34,Q34,HS 1961:34,W58,Hs 1936:117,null,"Geibel, Emanuel",Juniuslieder,Juniuslieder,Cotta,Stuttgart und Tübingen,9. Auflage,1853,"Emanuel Geibel: Juniuslieder. 9. Aufl.
Stuttgart u. Tübingen: Cotta 1853. VIII, 379 S. 16°",null,(2),"Exemplar aus dem früheren Besitz von Fontanes Freund Friedrich Eggers, der das
Bändchen von Geibel erhalten hatte. Eigenhändiger
Besitzvermerk auf dem Vorsatzblatt: Friedrich Eggers / v. Gbl.",null,
"TFA-A-Q35,0001",TFA-A-Q35,Q35,HS 1961:35,W60,Hs 1936:117,null,"Gensichen, Otto Franz",Felicia : Ein Minnegesang,Felicia,Grosser,Berlin,null,1882,"Otto Franz Gensichen: Felicia. Ein Minnesang.
Berlin: Grosser 1882. 93 S. 8°",Gedichtband," 2, 4","Mit Glossen Theodor Fontanes am
Rand. – Exlibris-Stempel von Friedrich Fontane.",null,
"TFA-A-Q36,1,0001","TFA-A-Q36,1","Q36,1",Hs 1961:36,W169,Hs 1941:24,null,"Goethe, Johann Wolfgang von",Goethe´s sämtliche Werke : vollständige Ausgabe in sechs Bänden ; 1,Goethes sämtliche Werke 1,Cotta,Stuttgart ,null,1863,"[Johann Wolfgang von] Goethe:
Sämtliche Werke. Vollständige Ausg. in sechs
Bänden. Bd. 1-2, 4-6. Stuttgart: Cotta 1863.
XII, 610; 912; 847; X, 738; VIII, 684 S. Gr. 8°",Werke,4,"Mit Anstreichungen u. Marginalien
Fontanes in Bd. 1 u. 2.",null,
"TFA-A-Q36,2,0001","TFA-A-Q36,2","Q36,2",Hs 1961:36,W170,Hs 1941:24,null,"Goethe, Johann Wolfgang von",Goethe´s sämtliche Werke : vollständige Ausgabe in sechs Bänden ; 2,Goethes sämtliche Werke 2,Cotta,Stuttgart ,null,1863,"[Johann Wolfgang von] Goethe:
Sämtliche Werke. Vollständige Ausg. in sechs
Bänden. Bd. 1-2, 4-6. Stuttgart: Cotta 1863.
XII, 610; 912; 847; X, 738; VIII, 684 S. Gr. 8°",Werke,4,"Mit Anstreichungen u. Marginalien
Fontanes in Bd. 1 u. 2.",null,
"TFA-A-Q36,4,0001","TFA-A-Q36,4","Q36,4",Hs 1961:36,W172,Hs 1941:24,null,"Goethe, Johann Wolfgang von",Goethe´s sämtliche Werke : vollständige Ausgabe in sechs Bänden ; 4,Goethes sämtliche Werke 4,Cotta,Stuttgart,null,1863,"[Johann Wolfgang von] Goethe:
Sämtliche Werke. Vollständige Ausg. in sechs
Bänden. Bd. 1-2, 4-6. Stuttgart: Cotta 1863.
XII, 610; 912; 847; X, 738; VIII, 684 S. Gr. 8°",Werke,1,null,null,Band 3 fehlt!
"TFA-A-Q36,5,0001","TFA-A-Q36,5","Q36,5",Hs 1961:36,W173,Hs 1941:24,null,"Goethe, Johann Wolfgang von",Goethe´s sämtliche Werke : vollständige Ausgabe in sechs Bänden ; 5,Goethes sämtliche Werke 5,Cotta,Stuttgart,null,1863,"[Johann Wolfgang von] Goethe:
Sämtliche Werke. Vollständige Ausg. in sechs
Bänden. Bd. 1-2, 4-6. Stuttgart: Cotta 1863.
XII, 610; 912; 847; X, 738; VIII, 684 S. Gr. 8°",Werke,1,null,null,
"TFA-A-Q36,6,0001","TFA-A-Q36,6","Q36,6",Hs 1961:36,W174,Hs 1941:24,null,"Goethe, Johann Wolfgang von",Goethe´s sämtliche Werke : vollständige Ausgabe in sechs Bänden ; 6,Goethes sämtliche Werke 6,Cotta,Stuttgart,null,1863,"[Johann Wolfgang von] Goethe:
Sämtliche Werke. Vollständige Ausg. in sechs
Bänden. Bd. 1-2, 4-6. Stuttgart: Cotta 1863.
XII, 610; 912; 847; X, 738; VIII, 684 S. Gr. 8°",Werke,1,null,null,
"TFA-A-Q37,0001",TFA-A-Q37,Q37,Hs 1961:37,W63,Hs 1963:117,null,"Hamerling, Robert",Gesammelte kleinere Dichtungen,Kleinere Dichtungen,Richter,Hamburg,2. Auflage,1873,"Robert Hamerling: Gesammelte kleinere
Dichtungen. Venus im Exil. Ein Schwanenlied
der Romantik. Germanenzug. Verbesserte
Gesammtausgabe. 2. Aufl. Hamburg: Richter 1873. 189 S. 8°",Gedichtband,1,null,null,
"TFA-A-Q38,0001",TFA-A-Q38,Q38,Hs 1961:38,W62,Hs 1963:117,null,"Hamerling, Robert",Ahasver in Rom : Eine Dichtung in sechs Gesängen ; Mit einem Epilog an die Kritiker ,Ahasver in Rom,Richter,Hamburg,6. Auflage,1870,Robert Hamerling: Ahasver in Rom. Eine Dichtung in sechs Gesängen. Mit e. Epilog an d. Kritiker. 6. Aufl. Hamburg: Richter 1870. 276 S. 8° ,Gedichtband,"2,4","Mit Marginalien Theodor Fontanes,
die beim Binden teilweise abgeschnitten wurden. Exlibris-Stempel von Friedrich Fontane. Alter Rundstempel
des Verlags auf dem Titel: Zur / Gefällig: / Recension / JR / Hamburg.",null,
"TFA-A-Q39,0001",TFA-A-Q39,Q39,Hs 1961:39,W65,Hs 1963:117,null,"Heine, Heinrich",Romanzero,Romanzero,Hoffmann und Campe,Hamburg,4. Auflage,1852,"H[einrich] Heine: Romanzero. 4.Aufl.
Hamburg: Hoffmann u. Campe 1852. VIII,
314 S. 16° (Gedichte von H. Heine. Bd. 3.)",null,"3,4","Besitzvermerk auf Vortitel: Th. Fontane.
Mit Marginalien u. Anstreichungen Fontanes.",null,
"TFA-A-Q40,0001",TFA-A-Q40,Q40,Hs 1961:40,W66,Hs 1963:117,null,"Hertz, Wilhelm ",Bugdietrichs Brautfahrt : Ein episches Gedicht,Bugdietrichs Brautfahrt,Kröner,Stuttgart,null,1863,Wilhelm Hertz: Bugdietrichs Brautfahrt. Ein episches Gedicht. Stuttgart: Kröner 1863. 58 S. 16°,Gedichtband,2,Exlibris-Stempel von Friedrich Fontane.,null,
"TFA-A-Q41,1,0001","TFA-A-Q41,1","Q41,1",Hs 1961:41,W79,Hs 1936:117,null,"Heyse, Paul",Gesammelte Werke : 1 ; Gedichte,Heyses gesammelte Werke 1,Hertz,Berlin,null,1872,"Paul Heyse: Gesammelte Werke.
Bd. 1-5, 7-10. Berlin: Hertz 1872-1873.
VIII, 335; 302; 322; 405; 390; 400; 400; 405; 491 S. 8°",Gedichtband,"2,4","In Bd. 1 einige Anstreichungen u.
Marginalien Fontanes, die beim Binden teilweise
abgeschnitten wurden. – Exlibris-Stempel von
Friedrich Fontane. – Am 7. Dezember 1873 rezensierte
Fontane in der Vossischen Zeitung die Gesammelten
Werke.",null,
"TFA-A-Q41,2,0001","TFA-A-Q41,2","Q41,2",Hs 1961:41,W80,Hs 1936:117,null,"Heyse, Paul","Gesammelte Werke : 2, 1 ; Novellen in Versen","Heyses gesammelte Werke 2,1",Hertz,Berlin,null,1872,"Gesammelte Werke.
Bd. 1-5, 7-10. Berlin: Hertz 1872-1873.
VIII, 335; 302; 322; 405; 390; 400; 400; 405; 491 S. 8°",Novelle,"1,2","In Bd. 1 einige Anstreichungen u.
Marginalien Fontanes, die beim Binden teilweise
abgeschnitten wurden. – Exlibris-Stempel von
Friedrich Fontane. – Am 7. Dezember 1873 rezensierte
Fontane in der Vossischen Zeitung die Gesammelten
Werke.",null,
"TFA-A-Q41,3,0001","TFA-A-Q41,3","Q41,3",Hs 1961:41,W81,Hs 1936:117,null,"Heyse, Paul","Gesammelte Werke : 3, 2 ; Novellen in Versen","Gesammelte Werke 3, 2 ",Hertz,Berlin,null,1873,"Gesammelte Werke.
Bd. 1-5, 7-10. Berlin: Hertz 1872-1873.
VIII, 335; 302; 322; 405; 390; 400; 400; 405; 491 S. 8°",Novelle,"1,2","In Bd. 1 einige Anstreichungen u.
Marginalien Fontanes, die beim Binden teilweise
abgeschnitten wurden. – Exlibris-Stempel von
Friedrich Fontane. – Am 7. Dezember 1873 rezensierte
Fontane in der Vossischen Zeitung die Gesammelten
Werke.",null,
"TFA-A-Q41,4,0001","TFA-A-Q41,4","Q41,4",Hs 1961:41,W82,Hs 1936:117,null,"Heyse, Paul",Gesammelte Werke : 4 ; Novellen 1,Gesammelte Werke : 4 ; Novellen 1,Hertz,Berlin,null,1872,"Gesammelte Werke.
Bd. 1-5, 7-10. Berlin: Hertz 1872-1873.
VIII, 335; 302; 322; 405; 390; 400; 400; 405; 491 S. 8°",Novelle,"1,2","In Bd. 1 einige Anstreichungen u.
Marginalien Fontanes, die beim Binden teilweise
abgeschnitten wurden. – Exlibris-Stempel von
Friedrich Fontane. – Am 7. Dezember 1873 rezensierte
Fontane in der Vossischen Zeitung die Gesammelten
Werke.",null,
"TFA-A-Q41,5,0001","TFA-A-Q41,5","Q41,5",Hs 1961:41,W83,Hs 1936:117,null,"Heyse, Paul",Gesammelte Werke : 5 ; Novellen 2,Gesammelte Werke : 5 ; Novellen 2,Hertz,Berlin,null,1872,"Gesammelte Werke.
Bd. 1-5, 7-10. Berlin: Hertz 1872-1873.
VIII, 335; 302; 322; 405; 390; 400; 400; 405; 491 S. 8°",Novelle,"1,2","In Bd. 1 einige Anstreichungen u.
Marginalien Fontanes, die beim Binden teilweise
abgeschnitten wurden. – Exlibris-Stempel von
Friedrich Fontane. – Am 7. Dezember 1873 rezensierte
Fontane in der Vossischen Zeitung die Gesammelten
Werke.",null,
"TFA-A-Q41,7,0001","TFA-A-Q41,7","Q41,7",Hs 1961:41,W84,Hs 1936:117,null,"Heyse, Paul",Gesammelte Werke : 7 ; Novellen 4,Gesammelte Werke : 7 ; Novellen 4,Hertz,Berlin,null,1873,"Gesammelte Werke.
Bd. 1-5, 7-10. Berlin: Hertz 1872-1873.
VIII, 335; 302; 322; 405; 390; 400; 400; 405; 491 S. 8°",Novelle,"1,2","In Bd. 1 einige Anstreichungen u.
Marginalien Fontanes, die beim Binden teilweise
abgeschnitten wurden. – Exlibris-Stempel von
Friedrich Fontane. – Am 7. Dezember 1873 rezensierte
Fontane in der Vossischen Zeitung die Gesammelten
Werke.",Bd. 6 fehlt!,
"TFA-A-Q42,1-4,0001","TFA-A-Q42,1-4","Q42,1-4",Hs 1961:42,W70,Hs 1936:117,null,"Heyse, Paul",Drammatische Dichtungen : 1 ; Elisabeth Charlotte,Elisabeth Charlotte,Hertz,Berlin,null,1864,"Paul Heyse: Dramatische Dichtungen.
Bdchn. 1-4. Berlin: Hertz 1864-1866. VI, 124;
103; 107; 142 S. 8°",Drama,"2,4","Die vier Bändchen sind zu Zeiten
Fontanes zusammengebunden worden. Geprägter
Rückentitel: Heyse, / Vier / Dramen. – In Bdchn.
3 zahlreiche Glossen Fontanes am Rand (beim
Binden teilweise abgeschnitten) u. Anstreichungen. –
Exlibris-Stempel von Friedrich Fontane. Am
3. Oktober 1871 veröffentlichte Fontane eine
Theaterkritik des Stücks Elisabeth Charlotte in der Vossischen Zeitung.",null,
"TFA-A-Q42,1-4,0138","TFA-A-Q42,1-4","Q42,1-4",Hs 1961:42,W70,Hs 1936:117,null,"Heyse, Paul",Drammatische Dichtungen : 2 ; Maria Moroni,Maria Moroni,Hertz,Berlin,null,1865,"Paul Heyse: Dramatische Dichtungen.
Bdchn. 1-4. Berlin: Hertz 1864-1866. VI, 124;
103; 107; 142 S. 8°",Drama,"2,4","Die vier Bändchen sind zu Zeiten
Fontanes zusammengebunden worden. Geprägter
Rückentitel: Heyse, / Vier / Dramen. – In Bdchn.
3 zahlreiche Glossen Fontanes am Rand (beim
Binden teilweise abgeschnitten) u. Anstreichungen. –
Exlibris-Stempel von Friedrich Fontane. Am
3. Oktober 1871 veröffentlichte Fontane eine
Theaterkritik des Stücks Elisabeth Charlotte in der Vossischen Zeitung.",null,
"TFA-A-Q42,1-4,0248","TFA-A-Q42,1-4","Q42,1-4",Hs 1961:42,W70,Hs 1936:117,null,"Heyse, Paul",Drammatische Dichtungen : 3 ; Hadrian,Hadrian,Hertz,Berlin,null,1865,"Paul Heyse: Dramatische Dichtungen.
Bdchn. 1-4. Berlin: Hertz 1864-1866. VI, 124;
103; 107; 142 S. 8°",Drama,"2,4","Die vier Bändchen sind zu Zeiten
Fontanes zusammengebunden worden. Geprägter
Rückentitel: Heyse, / Vier / Dramen. – In Bdchn.
3 zahlreiche Glossen Fontanes am Rand (beim
Binden teilweise abgeschnitten) u. Anstreichungen. –
Exlibris-Stempel von Friedrich Fontane. Am
3. Oktober 1871 veröffentlichte Fontane eine
Theaterkritik des Stücks Elisabeth Charlotte in der Vossischen Zeitung.",null,
"TFA-A-Q42,1-4,0362","TFA-A-Q42,1-4","Q42,1-4",Hs 1961:42,W70,Hs 1936:117,null,"Heyse, Paul",Drammatische Dichtungen : 4 ; Hans Lange,Hans Lange,Hertz,Berlin,null,1866,"Paul Heyse: Dramatische Dichtungen.
Bdchn. 1-4. Berlin: Hertz 1864-1866. VI, 124;
103; 107; 142 S. 8°",Drama,2,"Die vier Bändchen sind zu Zeiten
Fontanes zusammengebunden worden. Geprägter
Rückentitel: Heyse, / Vier / Dramen. – In Bdchn.
3 zahlreiche Glossen Fontanes am Rand (beim
Binden teilweise abgeschnitten) u. Anstreichungen. –
Exlibris-Stempel von Friedrich Fontane. Am
3. Oktober 1871 veröffentlichte Fontane eine
Theaterkritik des Stücks Elisabeth Charlotte in der Vossischen Zeitung.",null,
"TFA-A-Q42,11,0001","TFA-A-Q42,11","Q42,11",Hs 1961:42,W77,Hs 1936:117,null,"Heyse, Paul",Dramatische Dichtungen : 11 ; Das Recht des Stärkeren ; Schauspiel in drei Akten ,Das Recht des Stärkeren,Hertz,Berlin,null,1883,"Paul Heyse: Das Recht des Stärkeren.
Schauspiel in drei Akten. Berlin: Hertz 1883. 120 S. 8° (Dramatische Dichtungen. Bdchn. 11.)",Drama,"1,2","Einige Anstreichungen mit Blaustift,
teilweise später ausradiert. – Neuer Bibliothekseinband;
ursprünglicher Kartonumschlag mitgebunden.
– Exlibris-Stempel von Friedrich
Fontane. – Fontane veröffentlichte am 19. Januar
1884 in der Vossischen Zeitung eine Theaterkritik
des Stücks (Aufführung am 17. Januar im Königl. Schauspielhaus).",null,
"TFA-A-Q43,0001",TFA-A-Q43,Q43,Hs 1961:43,W75,Hs 1936:117,null,"Heyse, Paul",Novellen,Heyses Novellen,Hertz,Berlin,null,1855,"Paul Heyse: Novellen. Berlin : Hertz 1855.
220 S. 8°",Novellenband,"2,3","Eigentumsvermerk auf dem Vorsatzblatt:
Th. Fontane. – Exlibris-Stempel von Friedrich
Fontane. – Fontane rezensierte die Novellen am
11. Januar 1855 im Literatur-Blatt des Deutschen Kunstblattes.",null,
"TFA-A-Q44,1,0001","TFA-A-Q44,1 ",Q44,Hs 1961:44,W73,Hs 1936:117,null,"Heyse, Paul",Ludwig der Baier : Schauspiel in fünf Akten,Ludwig der Baier,Hertz,Berlin,null,1862,"Paul Heyse: Ludwig der Baier.
Schauspiel in fünf Akten. Berlin: Hertz 1862.
140 S. 8°",Drama,"2,3","Mit Widmung von Richard »Dick«
Lucae auf dem Vorsatzblatt: Seinem lieben Nöhl /
zum 30. Dec. 1868. / von / s./m. Dick. – Diesem
Schauspiel hat Fontane drei Stücke beibinden
lassen. Angebunden:
",null,
"TFA-A-Q44,2,0153","TFA-A-Q44,2 ",Q44,Hs 1961:44,W73,Hs 1936:117,null,"Heyse, Paul",Colberg : Historisches Schauspiel in fünf Akten,Colberg,Deschler,München,null,1865,"Paul Heyse: Colberg. Historisches
Schauspiel in fünf Akten. (Bühnenmanuscript.)
München: Deschler 1865. 94 S. 8°",Drama,4,"Anstreichungen u. Marginalien
Fontanes, die beim Binden teilweise abgeschnitten
wurden. – Am 24. März 1872 veröffentlichte Fontane
eine Theaterkritik des Stücks in der Vossischen Zeitung.
Angebunden:",null,
"TFA-A-Q44,3,0249","TFA-A-Q44,3 ",Q44,Hs 1961:44,W73,Hs 1936:117,null,"Heyse, Paul",Die glücklichen Bettler : Morgenländisches Märchen in drei Akten,Die glücklichen Bettler,Deschler,München,null,1866,"Paul Heyse: Die glücklichen Bettler.
Morgenländisches Märchen in drei Akten frei
nach Carlo Gozzi für die Bühne bearbeitet.
(Bühnenmanuscript.) München: Deschler 1866. 72 S. 8°",null,"3,4","Eine Bleistiftwidmung Paul Heyses
auf dem Titelblatt ist stark verblaßt oder ausradiert,
jedenfalls nicht mehr zu entziffern. Anstreichungen
u. Marginalien Fontanes, die beim Binden teilweise
abgeschnitten wurden.
Angebunden:",null,
"TFA-A-Q44,4,0325","TFA-A-Q44,4 ",Q44,Hs 1961:44,W73,Hs 1936:117,null,"Heyse, Paul",Die Göttin der Vernunft : Trauerspiel in fünf Akten,Göttin der Vernunft,Straub,München,null,1867,"Paul Heyse: Die Göttin der Vernunft.
Trauerspiel in fünf Akten. (Bühnenmanuscript.)
München: Straub 1867. 64 S. 8°",Trauerspiel,"3,4","Bleistiftwidmung Paul Heyses auf
dem Titelblatt, der obere Teil davon ist beim Binden
abgeschnitten worden: [Theodor Fontane?] / mit
herzlichem Gruß / Paul Heyse. – Mit Anstreichungen
u. Marginalien Fontanes, die beim Binden teilweise
abgeschnitten wurden.",null,
"TFA-A-Q45,0001",TFA-A-Q45 ,Q45,Hs 1961:45,W71,Hs 1936:117,null,"Heyse, Paul",Über allen Gipfeln : Roman,Über allen Gipfeln,Hertz,Berlin,null,1895,"Paul Heyse: Ueber allen Gipfeln. Roman.
Berlin: Hertz 1895. 441 S. 8°",Roman,"2,3","Besitzvermerk von der Hand Emilie
Fontanes auf dem Titel: Th. Fontane.– Exlibris-Stempel
von Friedrich Fontane.",null,
"TFA-A-Q46,0001",TFA-A-Q46,Q46,Hs 1961:46,null,Hs 1950:2625,null,"Heyse, Paul",Das Ding an sich und andere Novellen 12,Das Ding an sich,Hertz,Berlin,null,1879,"Paul Heyse: Das Ding an sich und
andere Novellen. Zwölfte Sammlung der
Novellen. Berlin: Hertz 1879. 381 S. 8°",Novelle,2,"Exlibris-Stempel von Friedrich
Fontane. – Auf der Rückseite des Titelblatts Bemerkung
e. Bibliothekars der Landes- und
Hochschulbibliothek Potsdam: >>Dieses Buch war
versehentlich / in den Bibliotheksbestand gekom- /
men. Zurück in Fontanes / Handbücherei.<<",null,
"TFA-A-Q47,0001",TFA-A-Q47,Q47,Hs 1961:47,W74,Hs 1936:117,null,"Heyse, Paul",Meleager : Eine Tragödie,Meleager,Hertz,Berlin,null,1854,"Paul Heyse: Meleager. Eine Tragödie.
Berlin: Hertz 1854. 112 S. Kl. 8°",null,3,"Besitzvermerk auf dem Vorsatzblatt:
Th. Fontane. – Exlibris-Stempel von
Friedrich Fontane. – Altes Buchhändler- oder
Buchbinder-Schildchen auf lnnendeckel:
F. Reimann / Berlin.",null,
"TFA-A-Q48,0001",TFA-A-Q48,Q48,Hs 1961:48,W89,Hs 1936:117,null,"Hopfen, Hans",Peregretta : Ein Roman,Peregretta,Hertz,Berlin,null,1864,"Hans Hopfen: Peregretta. Ein Roman.
Berlin: Hertz 1864. 293 S. 8°",Roman,3,"Besitzvermerk mit Blaustift auf
dem Vorsatzblatt: Fontane.- Exlibris-Stempel von
Friedrich Fontane. Einige wenige Marginalien.",null,
"TFA-A-Q49,0001",TFA-A-Q49,Q49,Hs 1961:49,W88,Hs 1936:117,null,"Hopfen, Hans",Verdorben in Paris : Roman,Verdorben in Paris,Kröner,Stuttgart und Leipzig,null,1868,"Hans Hopfen: Verdorben zu Paris. Roman.
Bd.1-2. Stuttgart u. Leipzig: Kröner 1868. 335;
225 S. 8°",Roman,"2,4","Viele Anstreichungen u. Marginalien
Fontanes, die teilweise beim Binden abgeschnitten
wurden. Die beiden Teile des Romans
sind zu Lebzeiten Fontanes zusammengebunden
worden (schwarzer Halblederband mit Rückenvergoldung).
– Exlibris-Stempel von Friedrich",null,
"TFA-A-Q50,0001",TFA-A-Q50,Q50,Hs 1961:50,W96,Hs 1936:117,null,"Lenau, Nikolaus",Faust : Ein Gedicht,Lenaus Faust,Cotta,Stuttgart und Tübingen,3. Auflage,1848,"Nicolaus Lenau: Faust. Ein Gedicht.
3. Aufl. Stuttgart u . Tübingen: Cotta 1848. 230 S. 8° ",(Gedicht),2,"Exlibris-Stempel von Friedrich
Fontane. – Altes Buchhändlerschildchen auf dem
Innendeckel: J. M. Späth's / Buchhandlung / Berlin / 52 Königs-Str. 52.",null,
"TFA-A-Q51,0001",TFA-A-Q51,Q51,Hs 1961:51,null,Hs 1936:117,null,"Lenau, Nikolaus",Gedichte : 1,Lenaus Gedichte 1,Cotta,Stuttgart und Tübingen,7. durchgesehene und vermehrte Auflage,1844,"Nicolaus Lenau: Gedichte. Bd. 1-2.
Siebente, durchges. u. verm. Aufl. Stuttgart
u. Tübingen: Cotta 1844. VIII, 360; VII, 370 S. W",Gedichtband,"2,3","Handschriftlicher Besitzvermerk auf
dem Vorsatzblatt: Th. Fontane. – Exlibris-Stempel
von Friedrich Fontane.",null,
"TFA-A-Q52,0001",TFA-A-Q52,Q52,Hs 1961:52,W98,Hs 1936:117,null,"Lenau, Nikolaus",Gedichte : 2,Lenaus Gedichte 2,Cotta,Stuttgart und Tübingen,5. durchgesehene und sehr vermehrte Auflage,1844,"Nicolaus Lenau: Gedichte. Bd. 1-2.
Siebente, durchges. u. verm. Aufl. Stuttgart
u. Tübingen: Cotta 1844. VIII, 360; VII, 370 S. W",Gedichtband,"2,3",null,null,
"TFA-A-Q53,0001",TFA-A-Q53,Q53,Hs 1961:53,W99,HS 1936:117,null,"Leopardi, Giacomo ",Nerina. Gedichte.,Nerina. Gedichte.,Hertz,Berlin,null,1878,Giacomo Leopardi: Nerina. Gedichte. Deutsch von Paul Heyse. Berlin: Hertz 1878,Gedichtband,2,"Theil 2 im TFA seit 1945 vermißt. Exlibris-Stempel von Friedrich Fontane.- Inhalt: Theil 1: Nerina.- Gedichte. Theil 2: Leopardis Weltanschauung. Geschichte des Menschengeschlechts, Gespräche.- Gedanken. (Dieser Band vermißt.)",null,
"TFA-A-Q54,0001",TFA-A-Q54,Q54,Hs 1961:54,W101,Hs 1936:117,null,"Lepel, Bernhard von",Gedichte. ,Gedichte,Hertz,Berlin,null,1866,"Bernhard von Lepel: Gedichte. Berlin:
Hertz 1866. VII, 208 S. 8°",Gedichtband,"2,3","Eigenhändige Widmung des Verfassers auf der mitgebundenen Interimsbroschur: An meinen alten lieben Freund / Th. Fontane / Berlin 2.11.65. / B. v. Lepel. - Auf S. II handschriftlich (von Lepel?): Nie mit sich selbst kommt in 's Gedräng' / Wer mild als Freund, - als Richter streng'! - Einige Anstreichungen u. Marginalien Fontanes. Exlibris-Stempel von Friedrich Fontane.- Fontane besprach den Band am 29. November 1865 im Wochenblatt der Johanniter-Ordens-Balley Brandenburg. Vorhanden ferner ein 2. Ex. (Signatur: Q 101) mit eigenhändigem Widmungsgedicht Lepels an Hans von Rohr (Berlin, 21/6 68), Besitzeintrag Hans von Rohrauf dem Vorsatzblatt.",null,
"TFA-A-Q55,0001",TFA-A-Q55,Q55,Hs 1961:55,W105,Hs 1936:117,null,"Mantegazza, Paolo ",Das nervöse Jahrhundert,Das nervöse Jahrhundert,Steffens,Leipzig,null,o.J. [1888],Paul Mantegazza: Das nervöse Jahrhundert. Einzig rechtmäßige Übersetzung. Leipzig: Steffen [1888]. 158 S. 8°,null,3,Mit Anstreichungen u. Marginalien Fontanes.,null,
"TFA-A-Q56,0001",TFA-A-Q56,Q56,Hs 1961:56,W107,Hs 1936:117,"Moore, J[oseph] S.",null,"The Pictorial Book of Ballads, traditional & romantic. With introductory notices, glossary, and notes.",Pictorial Book of Ballads,Washbourne,London,null,1847,"The Pictorial Book of Ballads, traditional & romantic. With introductory notices, glossary, and notes. Edited by J[oseph) S. Moore. 1. Series. London: Washbourne 1847. IV, 424, 16 S. 8°",Gedichtband,"2,3","Mit (teilweise umfangreichen) Einträgen Fontanes.- Auf dem Vorsatzblatt findet sich folgende Bemerkung: Aus dem Nachlass / Theodor Fontane's / Die Übertragungen ""frei nach dem / Englischen"" sind nach dieser Vorlage / zum Teil entstanden. / Das Buch habe ich im Jahre 1925 / neu einbinden lassen, da der Ori/ginal-Einband total ramponiert / war. / Friedrich Fontane.",null,
"TFA-A-Q57,0001",TFA-A-Q57,Q57,Hs 1961:57,W108,Hs 1936:117,null,"Pantenius, Theodor Hermann ",Im Gottesländchen. Erzählungen aus d. Kurländischen Leben.,Im Gottesländchen.,E. Behre,Mitau,null,1880,Theodor Hermann Pantenius: Im Gottesländchen. Erzählungen aus d. Kurländischen Leben. Bd. 1-2. Mitau : Behre 1880-1881. 267; 276 S. 8°,Erzählungen,"2,3",Mit eigenhändiger Widmung an Fontane: Mit freundlichem Gruss / vom / Verfasser. Exlibris-Stempel von Friedrich Fontane.- Das Werk wurde von Fontane am 15. Dezember 1880 in der Vossischen Zeitung besprochen.,null,
"TFA-A-Q58,0001",TFA-A-Q58,Q58,Hs 1961:58,W109,Hs 1936:117,null,"Pantenius, Theodor Hermann ",Wilhelm Wolfschild. Ein Roman aus d. baltischen Leben.,Wilhelm Wolfschild,E. Behre,Mitau,2. Auflage,1873,Theodor Hermann [Pantenius]: Wilhelm Wolfschild. Ein Roman aus d. baltischen Leben. 2. Aufl. Mitau: Behre 1873. 441 S. 8°,null,"2,3",Auf dem Vorsatzblatt Besitzeintrag Fontane (offenbar nicht von Theodor Fontanes Hand). Exlibris-Stempel von Friedrich Fontane.,null,
"TFA-A-Q59,0001",TFA-A-Q59,Q59,Hs 1961:59,W110,Hs 1936:117,null,"Pietsch, Ludwig",Marokko. Briefe von der Deutschen Gesandtschaftsreise nach Fez im Frühjahr 1877.,Marokko,Brockhaus,Leipzig,null,1878,Ludwig Pietsch: Marokko. Briefe von der Deutschen Gesandtschaftsreise nach Fez im Frühjahr 1877. Leipzig: Brockhaus 1878. 370 S. 8°,null,"2,3",Einige Anstreichungen mit Blaustift. Exlibris-Stempel von Friedrich Fontane.- Das Werk wurde am 3. März 1878 von Fontane in der Vossischen Zeitung besprochen.,null,
"TFA-A-Q60,0001",TFA-A-Q60,Q60,Hs 1961:60,W111,1936:117,null,"Pietsch, Ludwig",Wallfahrt nach Olympia im ersten Frühling der Ausgrabungen (April u. Mai 1878) nebst einem Bericht über die Resultate der beiden folgenden Ausgrabungs-Campagnen. Reisebriefe.,Wallfahrt nach Olympia,Luckhardt,Berlin,null,1879,L[udwig] Pietsch: Wallfahrt nach Olympia im ersten Frühling der Ausgrabungen (April u. Mai 1878) nebst einem Bericht über die Resultate der beiden folgenden Ausgrabungs-Campagnen. Reisebriefe. Berlin: Luckhardt 1879. 251 S. 8°,null,"2,3"," Widmung des Verfassers auf Titel: Seinem theuren [Freund?] / Th. Fontane / der / Verf / L. P / 10/11-Das Buch ist nachträglich gebunden u. die Seiten beschnitten worden, so daß der Widmungstext teilweise abgeschnitten wurde. Ein Wort ist nicht mehr zu entziffern. Anstreichungen im Buch mit Blaustift. Exlibris-Stempel von Friedrich Fontane. - Das Werk wurde am 26. Juli 1879 von Fontane in der Zeitschrift Die Gegenwart besprochen.",null,
"TFA-A-Q61,1,0001","TFA-A-Q61,1","Q61,1",Hs 1961:61,W112,Hs 1936:117,null,"Platen, August von ",Gesammelte Werke. In fünf Bänden.,Gesammelte Werke,Cotta,Tübingen,null,1843,"August von Platen: Gesammelte Werke. In fünf Bänden. Bd. 1-4. Stuttgart u . Tübingen: Cotta 1843. V, 350; IV, 355; 376; S. 415 Kl. 8°",Werke,"2,3",In Bd. 1 u. Bd. 2 eigenhändiger(?) Besitzvermerk: Th. Fontane. In Bd. 2 u. 4 ein paar handschriftliche Druckfehlerkorrekturen (von Theodor Fontane?). Exlibris-Stempel von Friedrich Fontane. Bd. 5 im TFA seit 1945 vermißt.,null,
"TFA-A-Q61,2,0001","TFA-A-Q61,2","Q61,2",Hs 1961:61,W113,Hs 1936:117,null,"Platen, August von ",Gesammelte Werke. In fünf Bänden.,Gesammelte Werke,Cotta,Tübingen,null,1843,"August von Platen: Gesammelte Werke. In fünf Bänden. Bd. 1-4. Stuttgart u . Tübingen: Cotta 1843. V, 350; IV, 355; 376; S. 415 Kl. 8°",Werke,"2,3",In Bd. 1 u. Bd. 2 eigenhändiger(?) Besitzvermerk: Th. Fontane. In Bd. 2 u. 4 ein paar handschriftliche Druckfehlerkorrekturen (von Theodor Fontane?). Exlibris-Stempel von Friedrich Fontane. Bd. 5 im TFA seit 1945 vermißt.,null,
"TFA-A-Q61,3,0001","TFA-A-Q61,3","Q61,3",Hs 1961:61,W114,Hs 1936:117,null,"Platen, August von ",Gesammelte Werke. In fünf Bänden.,Gesammelte Werke,Cotta,Tübingen,null,1843,"August von Platen: Gesammelte Werke. In fünf Bänden. Bd. 1-4. Stuttgart u . Tübingen: Cotta 1843. V, 350; IV, 355; 376; S. 415 Kl. 8°",Werke,"2,3",In Bd. 1 u. Bd. 2 eigenhändiger(?) Besitzvermerk: Th. Fontane. In Bd. 2 u. 4 ein paar handschriftliche Druckfehlerkorrekturen (von Theodor Fontane?). Exlibris-Stempel von Friedrich Fontane. Bd. 5 im TFA seit 1945 vermißt.,null,
"TFA-A-Q61,4,0001","TFA-A-Q61,4","Q61,4",Hs 1961:61,W115,Hs 1936:117,null,"Platen, August von ",Gesammelte Werke. In fünf Bänden.,Gesammelte Werke,Cotta,Tübingen,null,1843,"August von Platen: Gesammelte Werke. In fünf Bänden. Bd. 1-4. Stuttgart u . Tübingen: Cotta 1843. V, 350; IV, 355; 376; S. 415 Kl. 8°",Werke,"2,3",In Bd. 1 u. Bd. 2 eigenhändiger(?) Besitzvermerk: Th. Fontane. In Bd. 2 u. 4 ein paar handschriftliche Druckfehlerkorrekturen (von Theodor Fontane?). Exlibris-Stempel von Friedrich Fontane. Bd. 5 im TFA seit 1945 vermißt.,null,
"TFA-A-Q62,0001",TFA-A-Q62,Q62,Hs 1961:62,W118,Hs 1936:117,null,"Rittershaus, Emil",Aus den Sommertagen,Aus den Sommertagen,Schulze,Leipzig,4. Aufl.,o.J. [1889],"Emil Rittershaus: Aus den Sommertagen. 4. Aufl. Oldenburg u . Leipzig: Schulze [1889]. VIII, 255 S. 8°",null,"2,3","Mit Widmung: Theodor Fontane / mit / Gruß und Handschlag! / Emil Rittershaus in / Barmen, Februar 1890.- Exlibris-Stempel von Friedrich Fontane.",null,
"TFA-A-Q63,0001",TFA-A-Q63,Q63,Hs 1961:63,W119,Hs 1936:117,null,"Roquette, Otto ","Gedichte. Des Liederbuches 2., durchaus veränderte u. verm. Aufl.",Gedichte,Cotta,Stuttgart,"2., durchaus veränderte u. verm. Aufl.",1859,"Otto Roquette: Gedichte. Des Liederbuches 2., durchaus veränderte u. verm. Aufl. Stuttgart: Cotta 1859. VIII, 175 S. 16°",Gedichtband,2,Exlibris-Stempel von Friedrich Fontane.,null,
"TFA-A-Q64,0001",TFA-A-Q64,Q64,Hs 1961:64,W120,Hs 1936:117,null,"Roquette, Otto ",Hans Haidekuckuck.,Hans Haidekuckuck,Schindler,Berlin,2. durchges. Aufl.,1857,Otto Roquette: Hans Haidekuckuck. 2. durchges. Aufl. Berlin: Schindler 1857. 197 S. 16°,null,"2,3",Mit Widmung: An / Theodor Fontane / herzlich grüßend / Otto Roquette / 1858. / Weihnachts-Ellora. Mit Anstreichungen u. Marginalien von Fontane. Exlibris-Stempel von Friedrich Fontane.,null,
"TFA-A-Q65,0001",TFA-A-Q65,Q65,Hs 1961:65,W121,Hs 1936:117,null,"Roquette, Otto ",Rebenkranz zu Waldmeisters silberner Hochzeit,Rebenkranz zu Waldmeisters silberner Hochzeit,Cotta,Stuttgart,2. Aufl.,1877,Otto Roquette: Rebenkranz zu Waldmeisters silberner Hochzeit. 2. Aufl. Stuttgart: Cotta 1877. 151 S. 16°,null,"2,3",Mit Widmung: Meinem lieben alten / Theodor Fontane / zum 30. Dec. 1876 / mit besten Grüßen / und Wünschen / Otto Roquette - Exlibris-Stempel von Friedrich Fontane. Bleistiftmarkierungen S. 95 u. 97.,null,
"TFA-A-Q66,3-4,0001","TFA-A-Q66,3-4","Q66,3-4",Hs 1961:66,W183,Hs 1941:35,null,"Schillers, Friedrich von ",Schillers sämtliche Werke in zwölf Bänden.,Schillers sämtliche Werke in zwölf Bänden.,Cotta,Tübingen,null,1847,"[Friedrich von) Schillers sämtliche Werke in zwölf Bänden. Bd. 3-8. Stuttgart u. Tübingen: Cotta 1847. 434; 404; 504; 435; 356; IV, 438 S. 8°",null,"2,3","Bd. 1/2, 9/10 u. 11/12 im TFA seit 1945 vermisst. Mit Besitzvermerk Th. Fontanes sowie zahlreichen Anstreichungen u. Glossen. - Exlibris-Stempel von Friedrich Fontane. Die noch vorhandenen sechs Bände sind 1956 in drei braune Kunstlederbände neu gebunden worden.",null,
"TFA-A-Q66,5-6,0001","TFA-A-Q66,5-6","Q66,5-6",Hs 1961:66,W184,Hs 1941:35,null,"Schillers, Friedrich von ",Schillers sämtliche Werke in zwölf Bänden.,Schillers sämtliche Werke in zwölf Bänden.,Cotta,Tübingen,null,1847,"[Friedrich von) Schillers sämtliche Werke in zwölf Bänden. Bd. 3-8. Stuttgart u. Tübingen: Cotta 1847. 434; 404; 504; 435; 356; IV, 438 S. 8°",null,"2,3","Bd. 1/2, 9/10 u. 11/12 im TFA seit 1945 vermisst. Mit Besitzvermerk Th. Fontanes sowie zahlreichen Anstreichungen u. Glossen. - Exlibris-Stempel von Friedrich Fontane. Die noch vorhandenen sechs Bände sind 1956 in drei braune Kunstlederbände neu gebunden worden.",null,
"TFA-A-Q66,7-8,0001","TFA-A-Q66,7-8","Q66,7-8",Hs 1961:66,W185,Hs 1941:35,null,"Schillers, Friedrich von ",Schillers sämtliche Werke in zwölf Bänden.,Schillers sämtliche Werke in zwölf Bänden.,Cotta,Tübingen,null,1847,"[Friedrich von) Schillers sämtliche Werke in zwölf Bänden. Bd. 3-8. Stuttgart u. Tübingen: Cotta 1847. 434; 404; 504; 435; 356; IV, 438 S. 8°",null,"2,3","Bd. 1/2, 9/10 u. 11/12 im TFA seit 1945 vermisst. Mit Besitzvermerk Th. Fontanes sowie zahlreichen Anstreichungen u. Glossen. - Exlibris-Stempel von Friedrich Fontane. Die noch vorhandenen sechs Bände sind 1956 in drei braune Kunstlederbände neu gebunden worden.",null,
"TFA-A-Q67,1,0001","TFA-A-Q67,1","Q67,1",Hs 1961:67,null,Hs 1950:1952,null,"Storm, Theodor",Gedichte.,Gedichte.,Paetel,Berlin,5.  verm. Aufl.,null,Theodor Storm: Gedichte. 5. verm. Aufl. Berlin: Paetel 1875. 252 S. Kl. 8°,Gedichtband,"2,3","Geprägter Rückentitel: ""Storm's / Schriften / 1"" Fontane hat sich diesen Band u. mehrere Bände von Storms Schriften einheitlich binden u. beschriften lassen. Exlibris-Stempel von Friedrich Fontane.- Auf der Rückseite des Titelblatts handschriftlicher Vermerk eines Bibliothekars der Landes- und Hochschulbibliothek Potsdam: Dieses Buch war versehentlich / in den Bibliotheksbestand ge-/ kommen. Zurück in Fontanes Handbücherei.",null,
"TFA-A-Q67,2,0001","TFA-A-Q67,2","Q67,2",Hs 1961:67,W127,Hs 1936/117,null,"Storm, Theodor",Sämmtliche Schriften.,Sämmtliche Schriften.,Westermann,Braunschweig,null,1868,"Theodor Storm: Sämmtliche Schriften. Erste Gesammtausg. Sechs Bände. Bd. 2-6. Braunschweig: Westermann, 1868. 204; 226; 236; 256; 209 S. 8°",null,"2,3","Bd. 4 im TFA seit 1945 vermißt. Bd.I hat Fontane durch die Lyriksammlung von 1875 ersetzt (vgl. Q67,1). Geprägter Rückentitel: ""Storm's / Schriften / 2"" [bzw. 3, 5, 6].- In Bd. 2 auf dem Vorsatzblatt eigenhändiger Besitzvermerk Theodor Fontanes. In Bd. 6 bei Der Spiegel des Cyprianus Anstreichungen u. eine Marginalie Fontanes.- Exlibris-Stempel von Friedrich Fontane. - Storm schickte die sechs Bände Ende Oktober 1868 als Geschenk an Fontane, der die Ausgabe am 23. Mai 1869 in der Neuen Preußischen [Kreuz-] Zeitung rezensierte.",null,
"TFA-A-Q67,3,0001","TFA-A-Q67,3","Q67,3",Hs 1961:67,W128,Hs 1936:117,null,"Storm, Theodor",Sämmtliche Schriften.,Sämmtliche Schriften.,Westermann,Braunschweig,null,1868,"Theodor Storm: Sämmtliche Schriften. Erste Gesammtausg. Sechs Bände. Bd. 2-6. Braunschweig: Westermann, 1868. 204; 226; 236; 256; 209 S. 8°",null,"2,3","Bd. 4 im TFA seit 1945 vermißt. Bd.I hat Fontane durch die Lyriksammlung von 1875 ersetzt (vgl. Q67,1). Geprägter Rückentitel: ""Storm's / Schriften / 2"" [bzw. 3, 5, 6].- In Bd. 2 auf dem Vorsatzblatt eigenhändiger Besitzvermerk Theodor Fontanes. In Bd. 6 bei Der Spiegel des Cyprianus Anstreichungen u. eine Marginalie Fontanes.- Exlibris-Stempel von Friedrich Fontane. - Storm schickte die sechs Bände Ende Oktober 1868 als Geschenk an Fontane, der die Ausgabe am 23. Mai 1869 in der Neuen Preußischen [Kreuz-] Zeitung rezensierte.",null,
"TFA-A-Q67,5,0001","TFA-A-Q67,5","Q67,5",Hs 1961:67,W130,1936:117,null,"Storm, Theodor",Sämmtliche Schriften.,Sämmtliche Schriften.,Westermann,Braunschweig,null,1868,"Theodor Storm: Sämmtliche Schriften. Erste Gesammtausg. Sechs Bände. Bd. 2-6. Braunschweig: Westermann, 1868. 204; 226; 236; 256; 209 S. 8°",null,"2,3","Bd. 4 im TFA seit 1945 vermißt. Bd.I hat Fontane durch die Lyriksammlung von 1875 ersetzt (vgl. Q67,1). Geprägter Rückentitel: ""Storm's / Schriften / 2"" [bzw. 3, 5, 6].- In Bd. 2 auf dem Vorsatzblatt eigenhändiger Besitzvermerk Theodor Fontanes. In Bd. 6 bei Der Spiegel des Cyprianus Anstreichungen u. eine Marginalie Fontanes.- Exlibris-Stempel von Friedrich Fontane. - Storm schickte die sechs Bände Ende Oktober 1868 als Geschenk an Fontane, der die Ausgabe am 23. Mai 1869 in der Neuen Preußischen [Kreuz-] Zeitung rezensierte.",null,
"TFA-A-Q67,6,0001","TFA-A-Q67,6","Q67,6",Hs 1961:67,W131,Hs 1936:117,null,"Storm, Theodor",Sämmtliche Schriften.,Sämmtliche Schriften.,Westermann,Braunschweig,null,1868,"Theodor Storm: Sämmtliche Schriften. Erste Gesammtausg. Sechs Bände. Bd. 2-6. Braunschweig: Westermann, 1868. 204; 226; 236; 256; 209 S. 8°",null,"2,3","Bd. 4 im TFA seit 1945 vermißt. Bd.I hat Fontane durch die Lyriksammlung von 1875 ersetzt (vgl. Q67,1). Geprägter Rückentitel: ""Storm's / Schriften / 2"" [bzw. 3, 5, 6].- In Bd. 2 auf dem Vorsatzblatt eigenhändiger Besitzvermerk Theodor Fontanes. In Bd. 6 bei Der Spiegel des Cyprianus Anstreichungen u. eine Marginalie Fontanes.- Exlibris-Stempel von Friedrich Fontane. - Storm schickte die sechs Bände Ende Oktober 1868 als Geschenk an Fontane, der die Ausgabe am 23. Mai 1869 in der Neuen Preußischen [Kreuz-] Zeitung rezensierte.",null,
"TFA-A-Q67,8,0001","TFA-A-Q67,8","Q67,8",Hs 1961:67,W133,Hs 1936:117,null,"Storm, Theodor",Sämmtliche Schriften.,Sämmtliche Schriften.,Westermann,Braunschweig,null,1877,Theodor Storm: Sämmtliche Schriften. Erste Gesammtausgabe. Zehn Bände. Bd. 7-9. Braunschweig: Westermann 1877. 194; 222; 215 S. 8°,null,"2,3","Bd. 7 im TFA seit 1945 vermißt. Geprägter Rückentitel: ""Storm's / Schriften / 8"" [bzw. 9].- Die Bände 7-10 dieser Ausgabe besprach Fontane am 14. Januar 1877 in der Sonntags-Beilage zur Vossischen Zeitung.",null,
"TFA-A-Q67,9,0001","TFA-A-Q67,9","Q67,9",Hs 1961:67,W134,Hs 1936:117,null,"Storm, Theodor",Sämmtliche Schriften.,Sämmtliche Schriften.,Westermann,Braunschweig,null,1877,Theodor Storm: Sämmtliche Schriften. Erste Gesammtausgabe. Zehn Bände. Bd. 7-9. Braunschweig: Westermann 1877. 194; 222; 215 S. 8°,null,"2,3","Bd. 7 im TFA seit 1945 vermißt. Geprägter Rückentitel: ""Storm's / Schriften / 8"" [bzw. 9].- Die Bände 7-10 dieser Ausgabe besprach Fontane am 14. Januar 1877 in der Sonntags-Beilage zur Vossischen Zeitung.",null,
"TFA-A-Q68,0001",TFA-A-Q68,Q68,Hs 1961:68,W188,Hs 1941:23,null,"Strom, Theodor",Gedichte.,Gedichte.,Berlin,Paetel,6. verm. Aufl.,1880,Theodor Storm: Gedichte. 6. verm. Aufl. Berlin: Paetel 1880. 252 S. Kl. 8°,null,1,null,null,
"TFA-A-Q69,0001",TFA-A-Q69,Q69,Hs 1961:69,W138,Hs 1936:117,null,"Trojan, Johannes",Für gewöhnliche Leute. Hunderterlei in Versen u. Prosa.,"Für gewöhnliche
Leute. ",Berlin,Freund u. Jeckel,null,1893,"Johannes Trojan: Für gewöhnliche Leute. Hunderterlei in Versen u. Prosa. Berlin: Freund u. Jeckel, 1893. VIII, 200 S. 8°",null,"2,3","Widmung des Verfassers auf Titel: Herrn Theodor Fontane / in herzlicher Verehrung / der Verfasser. / Berlin, den 10. November 1894. Exlibris-Stempel von Friedrich Fontane.",null,
"TFA-A-Q70,0001",TFA-A-Q70,Q70,Hs 1961:70,W139,Hs 1936:117,null,"Trojan, Johannes",Von Strand und Heide und andere Skizzen.,Von Strand und Heide,Bruns,Minden,null,1888,"][ohannes] Trojan: Von Strand und Heide und andere Skizzen. Minden: Bruns 1888. VIII, 232 S. 8°",null,"2,3",Herrn Theodor Fontane / zum 30. December 1889 / in herzlicher Verehrung / der Verfasser.Exlibris-Stempel von Friedrich Fontane.,null,
"TFA-A-Q71,0001",TFA-A-Q71,Q71,Hs 1961:71,W135,Hs 1936:117,null,null,Das Tunnel-Stiftungsfest am 3. Dezember 1883. Als Manuscript gedruckt.,Das Tunnel-Stiftungsfest am 3. Dezember 1883. ,Adreßbuch-Druckerei,Berlin,null,1884,Das Tunnel-Stiftungsfest am 3. Dezember 1883. Als Manuscript gedruckt. Berlin: Adreßbuch-Druckerei 1884. 80 S. 8°,null,1,"Um 1960 neu gebunden, Umschlagtitel aufgezogen.",null,
"TFA-A-Q72,0001",TFA-A-Q72,Q72,Hs 1961:72,W136,Hs 1936:117,null,null,Das Tunnel-Stiftungsfest am 5. Januar 1885. Als Manuscript gedruckt.,Das Tunnel-Stiftungsfest am 5. Januar 1885.,Adreßbuch-Druckerei,Berlin,null,1885,Das Tunnel-Stiftungsfest am 5. Januar 1885. Als Manuscript gedruckt. Berlin: Adreßbuch-Druckerei 1885. 48 S. 8°,null,1,"Um 1960 neu gebunden, Umschlagtitel aufgezogen.",null,
"TFA-A-Q73,0001",TFA-A-Q73,Q73,Hs 1961:73,W143,Hs 1936:117,null,"Vilmar, A[ugust] F[riedrich] C[hristian] ",Geschichte der deutschen National-Literatur.,Geschichte der deutschen National-Literatur.,Elwert,Marburg u. Leipzig,16. verm. Aufl.,1874,"A[ugust] F[riedrich] C[hristian] Vilmar: Geschichte der deutschen National-Literatur. 16. verm. Aufl. Marburg u. Leipzig: Elwert 1874. VIII, 624 S. 8°",null,2,"Der Band ist unter Einbeziehung des ursprünglichen Lederrückens in den 50er oder 60er Jahren nachgebunden worden u. hat neue Vorsatz-blätter. Auf dem alten Vorsatzblatt stand einer alten Karteikarte des TFA zufolge ein Besitzvermerk von Peter Paul Fontane, dem Sohn Friedrich Fontanes.",null,
"TFA-A-Q74,0001",TFA-A-Q74,Q74,Hs 1961:74,null,Hs 1954:1515,null,"Wichmann, Herman ",Frohes und Ernstes aus meinem Leben.,Frohes und Ernstes aus meinem Leben.,null,Leipzig,null,1898,"Herman Wichmann: Frohes und Ernstes aus meinem Leben. Als Manuskript gedruckt. Leipzig 1898. IV, 2 BI., 271, 64 S. 8°",null,1,Vermerk von Joachim Schobeß auf der Rückseite des Titelblatts: Dieses Buch war versehentlich / in den Bibliotheksbestandge-/ kommen. Zurück in Fontanes / Handbücherei. / 1954 neu gebunden.,null,
"TFA-A-Q75,0001",TFA-A-Q75,Q75,Hs 1961:75,W147,Hs 1936:117,null,"Wilbrandt, Adolf",Novellen.,Novellen.,Hertz,Berlin,null,1869,Adolf Wilbrandt: Novellen. Berlin: Hertz 1869. 367 S. 8°,null,"2,3","Exlibris-Stempel von Friedrich Fontane. - Enthält die drei Novellen Die Brüder, Heimath, Reseda. Einige Anstreichungen u. Marginalien Fontanes bei der Novelle Heimath. Den Einband (schwarzer Halbledereinband mit Rückenvergoldung) ließ vermutlich Fontane anfertigen.",null,
"TFA-A-Q76,0001",TFA-A-Q76,Q76,Hs 1961:76,W90,Hs 1936:117,null,"Immermann, Karl",Münchhausen. Eine Geschichte in Arabesken.,Münchhausen. ,Hofmann,Berlin,null,1858,"Karl Immermann: Münchhausen. Eine Geschichte in Arabesken. Theil 1-4. Berlin: Hofmann 1858. IV, 228; IV, 178; IV, 224; VIII, 152 S. Kl. 8°",null,"2,3","Zahlreiche Marginalien u. Anstreichungen Fontanes, die beim späteren Einbinden teilweise abgeschnitten wurden. Die vier Teile sind zu Lebzeiten Fontanes zusammengebunden worden (schwarzer Halblederband mit Rückenvergoldung). - Exlibris-Stempel von Friedrich Fontane.",null,
"TFA-A-Q77,0001",TFA-A-Q77,Q77,Hs 1961:77,W156,Hs 1936:117,null,"Wegner, Bertha",Aus gährender Zeit. Zwei märkische Geschichten.,Aus gährender Zeit.,Röder,Leipzig,null,1888,B. W. Zell [ d.i. Bertha Wegner]: Aus gährender Zeit. Zwei märkische Geschichten. Leipzig: Röder 1888. 279 S. 8°,null,"2,3","Exlibris-Stempel von Friedrich Fontane.- Gedruckte Widmung: ""Herrn Theodor Fontane, dem märkischen Dichter, in warmer Verehrung gewidmet. D. V. Berlin, September 1887"".",null,
"TFA-A-Q78,0001",TFA-A-Q78,Q78,Hs 1961:78,W157,Hs 1936:117,null,"Zolling, Theophil",Reise um die Pariser Welt.,Reise um die Pariser Welt.,Spemann,Stuttgart,null,o.J. [1881],Theophil Zolling: Reise um die Pariser Welt. Bd. 2. Stuttgart: Spemann [1881]. 232 S.  8° (Collection Spemann. Deutsche Handund Hausbibliothek. Bd. 11.),null,2,Exlibris-Stempel von Friedrich Fontane.,null,
"TFA-A-Q79,0001",TFA-A-Q79,Q79,Hs 1961:79,W167,Hs 1941:26,null,"Fontane, Theodor",Gedichte.,Gedichte.,Reimarus ,Berlin,null,1851,"Theodor Fontane: Gedichte. Berlin: Reimarus 1851. VIII, 296 S. 12°",Gedichtband,1,null,null,
"TFA-A-Q80,0001",TFA-A-Q80,Q80,Hs 1961:80,W104,Hs 1936:117,null,"Lübke, Wilhelm",Grundriss der Kunstgeschichte. Mit Illustrationen.,Grundriss der Kunstgeschichte. ,Ebner u. Seubert,Stuttgart,null,1860,"Wilhelm Lübke: Grundriss der Kunstgeschichte. Mit Illustrationen. Stuttgart: Ebner u. Seubert 1860. XVIII, 743 S. 8°",null,2,Exlibris-Stempel von Friedrich Fontane.,null,
"TFA-A-Q81,0001",TFA-A-Q81,Q81,Hs 1961:81,W103,Hs 1936:117,null,"Lübke, Wilhelm",Geschichte der italienischen Malerei vom vierten bis ins sechzehnte Jahrhundert. ,Geschichte der italienischen Malerei.,Ebner u. Seubert,Stuttgart,null,1878-1879,"Wilhelm Lübke: Geschichte der italienischen Malerei vom vierten bis ins sechzehnte Jahrhundert. Bd. 1-2. Mit 160 [bzw. Bd. 2: 137] Illustrationen in Holzschnitt. Stuttgart: Ebneru. Seubert 1878-1879. XIV, 567; X, 653 S. Gr. 8°",null,2,Einige wenige Textmarkierungen mit Blaustift.- Das Werk wurde am 29. Mai 1880 von Fontane in der Zeitschrift Die Gegenwart besprochen.,null,
"TFA-A-Q82,0001",TFA-A-Q82,Q82,Hs 1961:82,W168,Hs 1921:41,null,null,Gesellschaft von Berlin. Hand- u. Adreßbuch für die Gesellschaft von Berlin,Hand- u. Adreßbuch,Hein,Berlin,null,1889,"Gesellschaft von Berlin. Hand- u. Adreßbuch für die Gesellschaft von Berlin, Charlottenburg u. Potsdam. 1889/90. Jg. 1. [Nebst:] 1. Nachtrag. Berlin: Hein 1889. XXVIII, 619; 16 S. 8°",null,"2,3","Besitzvermerk auf Titel: Th. Fontane / Meister der Ballade / Mit einigen handschriftlichen Adressenzusätzen, -korrekturen bzw. -änderungen. Exlibris-Stempel von Friedrich Fontane.",null,
"TFA-A-Q83,1,0001","TFA-A-Q83,1","Q83,1",Hs 1961:83,W177,Hs 1941:29,null,"Ritter, Benjamin","Ritters geographischstatistisches Lexikon über die Erdtheile, Länder, Meere, Buchten, Häfen, Seen, Flüsse, Inseln, Gebirge, Staaten, Städte, Flecken, Dörfer, Weiler, Bäder, Bergwerke, Kanäle etc. Für Post-Bureaus, Comptoirs, Kaufleute, Fabrikanten, Zeitungsleser, Reisende, Real-, Industrie- u. Handelsschulen.",Ritters geographischstatistisches Lexikon,Wigand,Leipzig,null,1864-1865,"[Benjamin] Ritters geographischstatistisches Lexikon über die Erdtheile, Länder, Meere, Buchten, Häfen, Seen, Flüsse, Inseln, Gebirge, Staaten, Städte, Flecken, Dörfer, Weiler, Bäder, Bergwerke, Kanäle etc. Für Post-Bureaus, Comptoirs, Kaufleute, Fabrikanten, Zeitungsleser, Reisende, Real-, Industrie- u. Handelsschulen. 5., gänzlich umgearb., stark verm. u. verb. Aufl. Unter Redaction von A. Stark. Bd. 1-2. Leipzig: Wigand 1864-1865. XXX, 828; 907 S. Gr. 8°",null,1,null,null,
"TFA-A-Q83,2,0001","TFA-A-Q83,2","Q83,2",Hs 1961:83,W178,Hs 1941:29,null,"Ritter, Benjamin","Ritters geographischstatistisches Lexikon über die Erdtheile, Länder, Meere, Buchten, Häfen, Seen, Flüsse, Inseln, Gebirge, Staaten, Städte, Flecken, Dörfer, Weiler, Bäder, Bergwerke, Kanäle etc. Für Post-Bureaus, Comptoirs, Kaufleute, Fabrikanten, Zeitungsleser, Reisende, Real-, Industrie- u. Handelsschulen.",Ritters geographischstatistisches Lexikon,Wigand,Leipzig,null,1864-1865,"[Benjamin] Ritters geographischstatistisches Lexikon über die Erdtheile, Länder, Meere, Buchten, Häfen, Seen, Flüsse, Inseln, Gebirge, Staaten, Städte, Flecken, Dörfer, Weiler, Bäder, Bergwerke, Kanäle etc. Für Post-Bureaus, Comptoirs, Kaufleute, Fabrikanten, Zeitungsleser, Reisende, Real-, Industrie- u. Handelsschulen. 5., gänzlich umgearb., stark verm. u. verb. Aufl. Unter Redaction von A. Stark. Bd. 1-2. Leipzig: Wigand 1864-1865. XXX, 828; 907 S. Gr. 8°",Lexikon,1,null,null,
"TFA-A-Q84,0001",TFA-A-Q84,Q84,Hs 1961:84,W179,Hs 1941:38,null,"Sachs, Karl","Encyklopädisches Französisch-deutsches und deutsch-französisches Wörterbuch enthaltend u.a. für beide Sprachen: Den vollständigen Wortschatz nach der Akademie u. Littre, wie nach Grimm u. Sanders, alle gebräuchlichen Ausdrücke des praktischen Lebens, des Handels u. der Industrie, der Künste u. Handwerke, des Kriegs- u . Seewesens, der Natur- u. Fachwissenschaften [usw.] nebst genauer u. durchgängiger Angabe der französischen Aussprache nach dem phonetischen System der Methode Toussaint Langenscheidt. Große Ausgabe. Theil 1: französisch-deutsch.",Encyklopädisches Französisch-deutsches und deutsch-französisches Wörterbuch,Langenscheidt,Berlin,null,1869,"Karl Sachs: Encyklopädisches Französisch-deutsches und deutsch-französisches Wörterbuch enthaltend u.a. für beide Sprachen: Den vollständigen Wortschatz nach der Akademie u. Littre, wie nach Grimm u. Sanders, alle gebräuchlichen Ausdrücke des praktischen Lebens, des Handels u. der Industrie, der Künste u. Handwerke, des Kriegs- u . Seewesens, der Natur- u. Fachwissenschaften [usw.] nebst genauer u. durchgängiger Angabe der französischen Aussprache nach dem phonetischen System der Methode Toussaint Langenscheidt. Große Ausgabe. Theil 1: französisch-deutsch. Berlin: Langenscheidt 1869. XXIV, 1630, VIII S. Gr. 8°",Wörterbuch,2," Exlibris-Stempel von Friedrich Fontane. - Der Druck des ersten Teiles scheint sich bis 1871 oder nach 1871 hingezogen zu haben, wie aus einem Nachwort des Verfassers hervorgeht, so daß die Jahreszahl im Impressum unkorrekt ist.",null,
"TFA-A-Q84,2",null,null,null,null,null,null,"Sachs, Karl","Encyklopädisches Französisch-deutsches und deutsch-französisches Wörterbuch enthaltend u.a. für beide Sprachen: Den vollständigen Wortschatz nach der Akademie u. Littre, wie nach Grimm u. Sanders, alle gebräuchlichen Ausdrücke des praktischen Lebens, des Handels u. der Industrie, der Künste u. Handwerke, des Kriegs- u . Seewesens, der Natur- u. Fachwissenschaften [usw.] nebst genauer u. durchgängiger Angabe der französischen Aussprache nach dem phonetischen System der Methode Toussaint Langenscheidt. Große Ausgabe. Theil 1: französisch-deutsch.",Encyklopädisches Französisch-deutsches und deutsch-französisches Wörterbuch,Langenscheidt,Berlin,null,1869,"Karl Sachs: Encyklopädisches Französisch-deutsches und deutsch-französisches Wörterbuch enthaltend u.a. für beide Sprachen: Den vollständigen Wortschatz nach der Akademie u. Littre, wie nach Grimm u. Sanders, alle gebräuchlichen Ausdrücke des praktischen Lebens, des Handels u. der Industrie, der Künste u. Handwerke, des Kriegs- u . Seewesens, der Natur- u. Fachwissenschaften [usw.] nebst genauer u. durchgängiger Angabe der französischen Aussprache nach dem phonetischen System der Methode Toussaint Langenscheidt. Große Ausgabe. Theil 1: französisch-deutsch. Berlin: Langenscheidt 1869. XXIV, 1630, VIII S. Gr. 8°",Wörterbuch,null,Der zweite Teil des Wörterbuchs (deutsch-französisch) wird seit 1945 vermißt. Von dem Buch liegt im TFA lediglich der abgerissene Lederrücken vor.,null,
"TFA-A-Q84,Suppl,0001","TFA-A-Q84,Suppl","Q84,Suppl",Hs 1961:84,W181,Hs 1941:33,null,"Sachs, Karl",Französisch-deutsches Supplement-Lexikon. Mit Angabe der aussprache nach dem phonetischen System der Methode Toussaint-Langenscheidt.,Französisch-deutsches Supplement-Lexikon.,Langenscheidt,Berlin,null,1894,null,Lexikon,2, ,Exlibris-Stempel von Friedrich Fontane.,
"TFA-A-Q85,1,0001","TFA-A-Q85,1","Q85,1",null,W151,Hs1936:117,null,"Zedlitz-Neukirch, Leopold von","Neues preussisches Adels-Lexicon oder genealogische und diplomatische Nachrichten von den in der preussischen Monarchie ansässigen oder zu derselben in Beziehung stehenden fürstlichen, gräflichen, freiherrlichen und adeligen Häusern, mit der Angabe ihrer Abstammung, ihres Besitzthums, ihres Wappens und der aus ihnen hervorgegangenen Civil- und Militärpersonen, Helden, Gelehrten und Künstler; bearbeitet von einem Vereine von Gelehrten und Freunden der vaterländischen Geschichte unter dem Vorstande des Freiherrn L[eopold] v[on] Zedlitz-Neukirch. ",Neues preussisches Adels-Lexicon ,null,null,null,1836,"Neues preussisches Adels-Lexicon oder genealogische und diplomatische Nachrichten von den in der preussischen Monarchie ansässigen oder zu derselben in Beziehung stehenden fürstlichen, gräflichen, freiherrlichen und adeligen Häusern, mit der Angabe ihrer Abstammung, ihres Besitzthums, ihres Wappens und der aus ihnen hervorgegangenen Civil- und Militärpersonen, Helden, Gelehrten und Künstler; bearbeitet von einem Vereine von Gelehrten und Freunden der vaterländischen Geschichte unter dem Vorstande des Freiherrn L[eopold] v[on] Zedlitz-Neukirch. Bd.1-5 [nebst: 2. Supplement]. Leipzig: Reichenbach 1836-1843. XXVI, 463; XIV, 498; IV, 511; X, 480; 503; IV, 156 S. 8°",null,null,Die Bände wurden 1956 komplett neu eingebunden.- Bd. 1: A-D. (1836.) - Bd. 2: E-H. (1836.) - Bd. 3: I-0. (1837.) - Bd. 4: P-Z. (1837.) Supplement-Band oder des ganzen Werkes fünfter Band. (1839.) - Zweites Supplement zur ersten u. zweiten Ausgabe. Berichtigungen u. Nachträge seit 1839 enthaltend. (1843.),null,
"TFA-A-Q85,2,0001","TFA-A-Q85,2","Q85,2",null,W152,Hs 1936:117,null,"Zedlitz-Neukirch, Leopold von","Neues preussisches Adels-Lexicon oder genealogische und diplomatische Nachrichten von den in der preussischen Monarchie ansässigen oder zu derselben in Beziehung stehenden fürstlichen, gräflichen, freiherrlichen und adeligen Häusern, mit der Angabe ihrer Abstammung, ihres Besitzthums, ihres Wappens und der aus ihnen hervorgegangenen Civil- und Militärpersonen, Helden, Gelehrten und Künstler; bearbeitet von einem Vereine von Gelehrten und Freunden der vaterländischen Geschichte unter dem Vorstande des Freiherrn L[eopold] v[on] Zedlitz-Neukirch. ",Neues preussisches Adels-Lexicon ,null,null,null,1836,"Neues preussisches Adels-Lexicon oder genealogische und diplomatische Nachrichten von den in der preussischen Monarchie ansässigen oder zu derselben in Beziehung stehenden fürstlichen, gräflichen, freiherrlichen und adeligen Häusern, mit der Angabe ihrer Abstammung, ihres Besitzthums, ihres Wappens und der aus ihnen hervorgegangenen Civil- und Militärpersonen, Helden, Gelehrten und Künstler; bearbeitet von einem Vereine von Gelehrten und Freunden der vaterländischen Geschichte unter dem Vorstande des Freiherrn L[eopold] v[on] Zedlitz-Neukirch. Bd.1-5 [nebst: 2. Supplement]. Leipzig: Reichenbach 1836-1843. XXVI, 463; XIV, 498; IV, 511; X, 480; 503; IV, 156 S. 8°",null,null,Die Bände wurden 1956 komplett neu eingebunden.- Bd. 1: A-D. (1836.) - Bd. 2: E-H. (1836.) - Bd. 3: I-0. (1837.) - Bd. 4: P-Z. (1837.) Supplement-Band oder des ganzen Werkes fünfter Band. (1839.) - Zweites Supplement zur ersten u. zweiten Ausgabe. Berichtigungen u. Nachträge seit 1839 enthaltend. (1843.),null,
"TFA-A-Q85,3,0001","TFA-A-Q85,3","Q85,3",null,W153,Hs 1936:117,null,"Zedlitz-Neukirch, Leopold von","Neues preussisches Adels-Lexicon oder genealogische und diplomatische Nachrichten von den in der preussischen Monarchie ansässigen oder zu derselben in Beziehung stehenden fürstlichen, gräflichen, freiherrlichen und adeligen Häusern, mit der Angabe ihrer Abstammung, ihres Besitzthums, ihres Wappens und der aus ihnen hervorgegangenen Civil- und Militärpersonen, Helden, Gelehrten und Künstler; bearbeitet von einem Vereine von Gelehrten und Freunden der vaterländischen Geschichte unter dem Vorstande des Freiherrn L[eopold] v[on] Zedlitz-Neukirch. ",Neues preussisches Adels-Lexicon ,null,null,null,1837,"Neues preussisches Adels-Lexicon oder genealogische und diplomatische Nachrichten von den in der preussischen Monarchie ansässigen oder zu derselben in Beziehung stehenden fürstlichen, gräflichen, freiherrlichen und adeligen Häusern, mit der Angabe ihrer Abstammung, ihres Besitzthums, ihres Wappens und der aus ihnen hervorgegangenen Civil- und Militärpersonen, Helden, Gelehrten und Künstler; bearbeitet von einem Vereine von Gelehrten und Freunden der vaterländischen Geschichte unter dem Vorstande des Freiherrn L[eopold] v[on] Zedlitz-Neukirch. Bd.1-5 [nebst: 2. Supplement]. Leipzig: Reichenbach 1836-1843. XXVI, 463; XIV, 498; IV, 511; X, 480; 503; IV, 156 S. 8°",null,null,Die Bände wurden 1956 komplett neu eingebunden.- Bd. 1: A-D. (1836.) - Bd. 2: E-H. (1836.) - Bd. 3: I-0. (1837.) - Bd. 4: P-Z. (1837.) Supplement-Band oder des ganzen Werkes fünfter Band. (1839.) - Zweites Supplement zur ersten u. zweiten Ausgabe. Berichtigungen u. Nachträge seit 1839 enthaltend. (1843.),null,
"TFA-A-Q85,4,0001","TFA-A-Q85,4","Q85,4",null,W154,Hs 1936:117,null,"Zedlitz-Neukirch, Leopold von","Neues preussisches Adels-Lexicon oder genealogische und diplomatische Nachrichten von den in der preussischen Monarchie ansässigen oder zu derselben in Beziehung stehenden fürstlichen, gräflichen, freiherrlichen und adeligen Häusern, mit der Angabe ihrer Abstammung, ihres Besitzthums, ihres Wappens und der aus ihnen hervorgegangenen Civil- und Militärpersonen, Helden, Gelehrten und Künstler; bearbeitet von einem Vereine von Gelehrten und Freunden der vaterländischen Geschichte unter dem Vorstande des Freiherrn L[eopold] v[on] Zedlitz-Neukirch. ",Neues preussisches Adels-Lexicon ,null,null,null,1837,"Neues preussisches Adels-Lexicon oder genealogische und diplomatische Nachrichten von den in der preussischen Monarchie ansässigen oder zu derselben in Beziehung stehenden fürstlichen, gräflichen, freiherrlichen und adeligen Häusern, mit der Angabe ihrer Abstammung, ihres Besitzthums, ihres Wappens und der aus ihnen hervorgegangenen Civil- und Militärpersonen, Helden, Gelehrten und Künstler; bearbeitet von einem Vereine von Gelehrten und Freunden der vaterländischen Geschichte unter dem Vorstande des Freiherrn L[eopold] v[on] Zedlitz-Neukirch. Bd.1-5 [nebst: 2. Supplement]. Leipzig: Reichenbach 1836-1843. XXVI, 463; XIV, 498; IV, 511; X, 480; 503; IV, 156 S. 8°",null,null,Die Bände wurden 1956 komplett neu eingebunden.- Bd. 1: A-D. (1836.) - Bd. 2: E-H. (1836.) - Bd. 3: I-0. (1837.) - Bd. 4: P-Z. (1837.) Supplement-Band oder des ganzen Werkes fünfter Band. (1839.) - Zweites Supplement zur ersten u. zweiten Ausgabe. Berichtigungen u. Nachträge seit 1839 enthaltend. (1843.),null,
"TFA-A-Q85,5,0001","TFA-A-Q85,5","Q85,5",null,W155,Hs 1936:117,null,"Zedlitz-Neukirch, Leopold von","Neues preussisches Adels-Lexicon oder genealogische und diplomatische Nachrichten von den in der preussischen Monarchie ansässigen oder zu derselben in Beziehung stehenden fürstlichen, gräflichen, freiherrlichen und adeligen Häusern, mit der Angabe ihrer Abstammung, ihres Besitzthums, ihres Wappens und der aus ihnen hervorgegangenen Civil- und Militärpersonen, Helden, Gelehrten und Künstler; bearbeitet von einem Vereine von Gelehrten und Freunden der vaterländischen Geschichte unter dem Vorstande des Freiherrn L[eopold] v[on] Zedlitz-Neukirch. ",Neues preussisches Adels-Lexicon ,null,null,null,1839,"Neues preussisches Adels-Lexicon oder genealogische und diplomatische Nachrichten von den in der preussischen Monarchie ansässigen oder zu derselben in Beziehung stehenden fürstlichen, gräflichen, freiherrlichen und adeligen Häusern, mit der Angabe ihrer Abstammung, ihres Besitzthums, ihres Wappens und der aus ihnen hervorgegangenen Civil- und Militärpersonen, Helden, Gelehrten und Künstler; bearbeitet von einem Vereine von Gelehrten und Freunden der vaterländischen Geschichte unter dem Vorstande des Freiherrn L[eopold] v[on] Zedlitz-Neukirch. Bd.1-5 [nebst: 2. Supplement]. Leipzig: Reichenbach 1836-1843. XXVI, 463; XIV, 498; IV, 511; X, 480; 503; IV, 156 S. 8°",null,null,Die Bände wurden 1956 komplett neu eingebunden.- Bd. 1: A-D. (1836.) - Bd. 2: E-H. (1836.) - Bd. 3: I-0. (1837.) - Bd. 4: P-Z. (1837.) Supplement-Band oder des ganzen Werkes fünfter Band. (1839.) - Zweites Supplement zur ersten u. zweiten Ausgabe. Berichtigungen u. Nachträge seit 1839 enthaltend. (1843.),null,
"TFA-A-Q86,0001",TFA-A-Q86,Q86,Hs 1961:86,W166,Hs 1941:31,"Béringuier, Richard",null,"Lebende Bilder am Festabend des 29. October 1885 in der ""Philharmonie"". Photographische Aufnahme bei electrischer Beleuchtung von F. Albert Schwartz",Lebende Bilder,null,Berlin,null,1885,"Lebende Bilder am Festabend des 29. October 1885 in der ""Philharmonie"". Photographische Aufnahme bei electrischer Beleuchtung von F. Albert Schwartz, Berlin. Berlin 1885. 9 Taf. Quer 8°",null,null,"Die ""lebenden Bilder"", insgesamt neun Tafeln, zeigen Momente aus der Geschichte der Hugenotten bzw. Refugies. Den Tafeln ist ein gedrucktes Blatt vorgebunden, auf dem handschriftlich ""Herrn Theodore Fontane"" eingetragen ist: ""Die / französische Colonie / zu Berlin. / Als dauernde Erinnerung an Ihre freundliche Mitwirkung zum Gelingen / des herrlichen Festes am 29. October 1885 überreicht dieses Werk, / mit dem Wunsche, dasselbe als ein Gedenkzeichen an eine hochherzige / That unsers hochverehrten und erhabenen Herrscherhauses für alle / Zeiten in Ihrer Familie forterben zu lassen / Berlin, den 24. December 1885. / Der Vorsitzendes des Fest-Comités / [eigenhändig:] Dr Béringuier"".",null,
"TFA-A-Q87(1854),0001",TFA-A-Q87(1854),Q87(1854),Hs 1961:87,W10,Hs 1936:117,"Fontane, Theodor und Kugler, Franz",null,Argo. Belletristisches Jahrbuch für 1854.,Argo. Jahrbuch,Katz,Dessau,null,1854,"Argo. Belletristisches Jahrbuch für 1854. Hrsg. von Theodor Fontane u. Franz Kugler. Dessau: Katz 1854. VI, 370 S. 8°",null,1,null,null,
TFA-A-Q87(1857),TFA-A-Q87(1857),Q87(1857),Hs 1961:88,W11,Hs 1936:97,"Eggers, Friedrich, Hosemann, Theodor, Kugler, Franz",null,Argo. Album für Kunst u. Dichtung.,Argo,Trewendt u. Granier,Breslau,null,1857,"Argo. Album für Kunst u. Dichtung. Hrsg. von Friedr[ich] Eggers, Th [ eodor] Hosemann, Franz Kugler. Breslau: Trewendt u. Granier 1857. 44 S. 4°",null,1,null,null,
"TFA-A-Q87a,0001",TFA-A-Q87a,Q87a,Hs 1961:87,null,null,"Fontane, Theodor und Kugler, Franz",null,Argo. Belletristisches Jahrbuch für 1854.,Argo,Katz,Dessau,null,1854,"Argo. Belletristisches Jahrbuch für 1854. Hrsg. von Theodor Fontane u. Franz Kugler. Dessau: Katz 1854. VI, 370 ",null,1,null,Das gleiche Exemplar wie  TFA-A-Q87(1854),
"TFA-A-Q88(1858),0001",TFA-A-Q88(1858),Q88(1858),Hs 1961:88,W12,Hs 1936:97,"Eggers, Friedrich, Hosemann, Theodor, Lepel, Bernhard von ",null,Argo. Album für Kunst u. Dichtung.,Argo,Trewendt,Breslau,null,1858,"Argo. Album für Kunst u. Dichtung. Hrsg. von Fr[iedrich] Eggers, Th[eodor] Hosemann, B[ernhard] v[on] Lepel. Breslau: Trewendt 1858. 46 S. 4°",null,1,null,null,
"TFA-A-Q88(1859),0001",TFA-A-Q88(1859),Q88(1859),Hs 1961:1859,W13,Hs 1936:97,"Eggers, Friedrich, Hosemann, Theodor, Lepel, Bernhard von ",null,Argo. Album für Kunst u. Dichtung.,Argo,Trewendt,Breslau,null,1859,"Argo. Album für Kunst u. Dichtung. Hrsg. von Fr[iedrich] Eggers, Th[eodor] Hosemann, B[ernhard] v[on] Lepel. Breslau: Trewendt 1859. 48 S. 4°",null,1,null,null,
"TFA-A-Q88(1860),0001",TFA-A-Q88(1860),Q88(1860),Hs 1961:88,W14,Hs 1936:97,"Eggers, Friedrich, Hosemann, Theodor, Lepel, Bernhard von ",null,Argo. Album für Kunst u. Dichtung.,Argo,Trewendt,Breslau,null,1860,"Argo. Album für Kunst u. Dichtung. Hrsg. von Fr[iedrich] Eggers, Th[eodor] Hosemann, B[ernhard] v[on] Lepel. Breslau: Trewendt 1860. 46 S. 4°",null,1,null,null,
"TFA-A-Q89,0001",TFA-A-Q89,Q89,Hs 1961:89,W26,Hs 1936:117,null,null,"Deutsches Taschenbuch auf das Jahr 1837. Mit Beiträgen von Willibald Alexis, Adalbert v. Chamisso, Jos. Frhrn v. Eichendorff, E. Ferrand, Franz Frhrn. Gaudy, Ern. Geibel, 0. E. Gruppe, Aug. Kopisch, H. Marggraff, Th. Mundt, L. Rellstab u. H. Stieglitz",Deutsches Taschenbuch auf das Jahr 1837.,Duncker u. Humblot,Berlin,null,1837,"Deutsches Taschenbuch auf das Jahr 1837. Mit Beiträgen von Willibald Alexis, Adalbert v. Chamisso, Jos. Frhrn v. Eichendorff, E. Ferrand, Franz Frhrn. Gaudy, Ern. Geibel, 0. E. Gruppe, Aug. Kopisch, H. Marggraff, Th. Mundt, L. Rellstab u. H. Stieglitz. Hrsg. von Karl Büchner. Mit 3 Kupfern. Berlin: Duncker u. Humblot 1837. X, 403 S. Kl. 8°",null,2,Exlibris-Stempel von Friedrich Fontane.,null,
"TFA-A-Q90,0001",TFA-A-Q90,Q90,Hs 1961:476,W32,Hs 1950:35,"Erk, Ludwig",null,Deutscher Liederhort. Auswahl d. vorzüglichem deutschen Volkslieder aus d. Vorzeit u. d. Gegenwart mit ihren eigenthümlichen Melodien.,Deutscher Liederhort,Enslin,Berlin,null,1856,"Deutscher Liederhort. Auswahl d. vorzüglichem deutschen Volkslieder aus d. Vorzeit u. d. Gegenwart mit ihren eigenthümlichen Melodien. Hrsg. von Ludwig Erk. Berlin: Enslin 1856. XVIII, 416 S. Gr. 8°",null,1,Anmerkung eines Bibliothekars der Brandenburgischen Landes- und Hochschulbibliothek Potsdam: 1961 im Kellerbestand gefunden.,null,
"TFA-A-Q91,0001",TFA-A-Q91,Q91,Hs1961:477,W119,Hs 1950:10313,null,null,"Erinnerungen an Friedrich Witte. Gedichte. Wahlreden, Parlamentsreden. Nachrufe. Bestattung. Rede am Sarge. Mit e. Photographie.",Erinnerungen an Friedrich Witte. ,Adlers,Rostock,null,1893,"Erinnerungen an Friedrich Witte. Gedichte. Wahlreden, Parlamentsreden. Nachrufe. Bestattung. Rede am Sarge. Mit e. Photographie. Rostock: Adlers 1893. 23S S. 8°",null,2,"Exlibris-Stempel von Friedrich Fontane. - Es handelt sich bei dem Band um einen Privatdruck für die Angehörigen u. Freunde des 1893 verstorbenen Friedrich Witte.- Vermerk eines Mitarbeiter der Potsdamer Landes- und Hochschulbibliothek (wohl J. Schobeß) auf der Rückseite des Titelblatts: 1961 im Kellerbestand gefunden.- Buchbinderschildchen auf dem hinterem Vorsatzblatt: ""F. Ross / (Inhaber Albert Ross) / Buchbinderei / Rostock i/M / Wollenweberstr. 16"".",null,
"TFA-A-Q92,0001",TFA-A-Q92,Q92,Hs1961:478,null,Hs 1950:2733,null,null,Briefe von W[ilhelm] Lübke an H[ermann] Kestner aus den Jahren 1846-1859. Mit Lübkes Jugendbild.,Briefe von W[ilhelm] Lübke an H[ermann] Kestner ,A. Bielefeld,Karlsruhe,null,1895,"Briefe von W[ilhelm] Lübke an H[ermann] Kestner aus den Jahren 1846-1859. Mit Lübkes Jugendbild. Hrsg. von seiner Gattin. Karlsruhe: A. Bielefeld 1895. V, 227 S. 8°",null,2,Exlibris-Stempel von Friedrich Fontane. - Vermerk eines Mitarbeiter der Potsdamer Landes- und Hochschulbibliothek (wohl J. Schobeß) auf der Rückseite des Titelblatts: 1961 im Kellerbestand gefunden.,null,
"TFA-A-Q93,0001",TFA-A-Q93,Q93,Hs1961:479,W23,Hs 1950:7340,null,"Bodenstedt, Friedrich ",William Shakespeare's Sonette in Deutscher Nachbildung von Friedrich Bodenstedt. ,William Shakespeare's Sonette,Decker,Berlin,"2., vielfach verb. Aufl.",1866,"William Shakespeare's Sonette in Deutscher Nachbildung von Friedrich Bodenstedt. 2., vielfach verb. Aufl. der Volksausg. Berlin: Decker 1866. XI, 246 S. Kl. 8°",null,2,Exlibris-Stempel von Friedrich Fontane.- Vermerk eines Mitarbeiters der Potsdamer Landes- und Hochschulbibliothek (wohl J. Schobeß) auf der Rückseite des Titelblatts: 1961 im Kellerbestand gefunden.,null,
"TFA-A-Q94,0001",TFA-A-Q94,Q94,Hs1962:1,null,Hs 1961: 6823,null,"Spielhagen, Friedrich",Zum Zeitvertreib.,Zum Zeitvertreib.,Staackmann,Leipzig,1897,null,[Titelblatt fehlt; handschriftlich ersetzt:] Zum Zeitvertreib / Roman / von / Friedrich Spielhagen. [Leipzig: Staackmann 1897.] 265 S. 8°,Roman,3,"Titelblatt fehlt u. ist durch ein graugrünes Blatt ersetzt, auf dem handschriftlich Titel u. Verfasser angegeben sind. Darunter die Widmung: Herrn Dr. Theodor Fontane / in herzlicher Verehrung / der Verfasser. / Charlottenburg / 22. V. 96. - Der Band gehörte nicht zum Altbestand des TFA. Er wurde am 6. Januar 1962 vom Norddeutschen Antiquariat Rostock für 40 Mark erworben.",null,
"TFA-A-Q95,0001",TFA-A-Q95,Q95,Hs1964:272,null,null,null,"Fontane, Theodor",Effi Briest.Mit Steinzeichnungen von Max Liebermann. ,Effi Briest.,Maximilian-Gesellschaft,Berlin,1926/27,null,null,Roman,0,null,null,
"TFA-A-Q97,0001",TFA-A-Q97,Q97,Hs: 1967:16,null,null,null,"Riedel, A.F. ","Die Verbindung der Stadt und Herrschaft Teupitz mit dem Brandenburgisch-Preußischen Staate. Zur Feier vierhundertjähriger Erinnerung an den 5. Juni 1462, hrsg. von dem Magistrate und den Stadtverordneten zu Teupitz. Berlin: 1862",Die Verbindung der Stadt und Herrschaft Teupitz mit dem Brandenburgisch-Preußischen Staate.,C. Feister'sche Buchdruckerei,Berlin,null,1862,null,null,1,null,null,
"TFA-A-Q98,0001",TFA-A-Q98,Q98,Hs 1968:10,null,null,null,"Scherenberg, Christian Friedrich",Gedichte.,Gedichte.,Hayn,Berlin,2. Aufl.,1850,"Chr[istian] Friedrich Scherenberg:
Gedichte. 2.Aufl. Berlin: Hayn 1850. 235 S. 8°",Gedichtband,"2,3","Eigentumsvermerk auf dem Vorsatzblatt Th. Fontane. Mit einigen Anstreichungen u. Marginalien Fontanes.- Handschriftlicher Bleistiftvermerk von J. Schobeß auf dem Innendeckel: Geschenk von Frau Gertrud / Grosse, geb. Fontane, aus dem / Nachlaß ihres Großvaters. / Oktober 1968.",null,
"TFA-A-Q99,0001",TFA-A-Q99,Q99,Hs 1968:11,null,null,null,"Scherenberg, Christian Friedrich",Gedichte.,Gedichte.,Hayn,Berlin,4. verm. Aufl. ,1869,"C[hristian) F[riedrich) Scherenberg: Gedichte. 4. verm. Aufl. Berlin: Hayn 1869. VI, 281 S. Kl. 8°",null,"2,3","Eigentumsvermerk auf dem Vorsatzblatt Th. Fontane.- Bleistiftmarkierungen S.148 -153 bei dem Gedicht Die spielenden Kinder. - Handschriftlicher Bleistiftvermerk von J. Schobeß auf dem Innendeckel: Geschenk von Frau / Gertrud Grosse, geb. I Fontane, aus dem / Nachlaß ihres / Großvaters. / Oktober 1968.",null,
"TFA-A-Q100,0001",TFA-A-Q100,Q100,Hs 1970:3,null,null,null,"Meyer, Paul",Erinnerungen an Theodor Fontane (1819–1898),Erinnerungen an Theodor Fontane.,null,Berlin,null,1936,null,null,"0,2",null,Zahlreiche Anmerkungen von Friedrich Fontane.,
"TFA-A-Q101,0001",TFA-A-Q101,Q101,Hs 1970:30,null,null,null,"Lepel, Bernhard von",Gedichte.,Gedichte.,Hertz,Berlin,null,1866,"Bernhard von Lepel: Gedichte. Berlin: Hertz 1866. VII, 208 S. 8°",Gedichtband,1,"Mit eigenhändigem Widmungsgedicht Lepels an Hans von Rohr (Berlin, 21/6 68), Besitzeintrag Hans von Rohrauf dem Vorsatzblatt.",null,
"TFA-A-Q102,0001",TFA-A-Q102,Q102,Hs 1970:35,null,null,null,"Baudissin, Wolf von",Erstklassige Menschen.,Erstklassige Menschen.,Janke,Berlin,null,1904,null,null,null,null,Exlibris-Stempel von Friedrich Fontane. Notizen von Friedrich Fontane.,
"TFA-A-Q103,0001",TFA-A-Q103,Q103,Hs 1970:36,null,null,"Rost, Wolfgang ","Fontane, Theodor",Allerlei Gereimtes.,Allerlei Gereimtes.,Reißner,Dresden,null,1932,null,null,null,null,Zahlreiche Notizen von Friedrich Fontane.,
"TFA-A-Q104,0001",TFA-A-Q104,Q104,Hs 1975:38,null,null,null,"Fontane, Theodor",Effi Briest.,Effi Briest.,Fontane,Berlin,null,1896,null,Roman,null,null,"Vermerk: ""Geschenk des Verfassers"", Widmung von Georg Friedländer: ""Fräulein Anna Marie von Bülow / in dankbarer Freude über die / Neapeler ?mbertage 1908 und  / zur freundlichen Erinnerung an / Georg Friedlander / Neapel, 17.XII.08. / 'Traun, - wer nicht will von dannen gehn, / der bringt sich selbst um's  Wiedersehn:  / All' Leid hat seine Freude' Th. F."" Vermmerk eines Archivars: [Geschenk von Frhr. Max-Ulrich von Stolzenberg, Schleswig, am 2.X.1975.]",
"TFA-A-Q105,0001",TFA-A-Q105,Q105,Hs 1976:36,null,null,null,null,Des RYTLY Ordnungen.,Des RYTLY Ordnungen.,Starcke,Berlin,null,1858,"Des RYTLY Ordnungen. Berlin:
Starcke [1858]. 7 S. 16°",null,1,"Wurde 1976 dem TFA von seinem einstigen Leiter Hermann Fricke zum Geschenk gemacht. Es ist nicht sicher, ob dieses Exemplar ursprünglich aus Theodor Fontanes Besitz stammt.",null,
"TFA-A-Q106,0001",TFA-A-Q106,Q106,Hs 1978:16,null,null,null,"Fontane, Theodor","Aus England. Studien u . Briefe über Londoner Theater, Kunst u. Presse.",Aus England.,Ebner & Seubert,Stuttgart,null,1860,"Th[ eodor] Fontane: Aus England. Studien u . Briefe über Londoner Theater, Kunst u. Presse. Stuttgart: Ebner & Seubert 1860. VIII,
325 S. 8°",null,3,"Mit eigenhändiger Marginalie Fontanes auf dem Vorsatzblatt: Exemplar aus dem / Nachlaß meines alten / Papas. Das Buch gelangte erst 1978 ins TFA. Dessen damaliger Leiter Joachim Schobeß vermerkt mit Bleistift auf der Rückseite des Titels: Geschenk von Herrn George Salomon / New York, am 12. Juli 1978, über- / reicht im Fontane-Archiv. Das / Buch ist ein Geschenk von Martha / Fritsch an ihren Hausarzt Prof Dr. med. Georg Salo- / mon (1849- / 1916), Großvater von George Salomon. Dem Buch liegen eine Postkarte von Paul Schienther an Friedrich Fontane vom 21. August 1901 bei, in der Friedrich Fontane gebeten wird, den Band im Hotel Windsor beim Portier abzuholen, sowie ein Zettel von Prof. Georg Salomon: Zwei Willkommensgrüße von / Martha Fritsch. I 1., Aus England. von Th. Fontane. / Aus der Bibliothek des alten Fontane ihm von seinem / Sohne dedicirt. / 2., Reise nach Indien. Von / W. Böckmann. Nicht im / Buchhandel, nur zu Dedicationen / (K. E. 0. Fritsch dedicirt) Ein zweites Exemplar des Bandes mit einer Widmung Fontanes an seine Frau Emilie zum 17. November 1860 wurde von seinen Erben wahrscheinlich veräußert.",null,
"TFA-A-Q106,0007","TFA-A-Q106,1","Q106,1",null,null,null,null,null,"Provenienznotiz zu zwei Bänden von George Salomon, o.D.",null,null,null,null,null,null,null,null,null,null,
"TFA-A-Q106,0005","TFA-A-Q106,2","Q106,2",null,null,null,null,null,"Postkarte Paul Schlenther an Friedrich Fontane, Binz, 21.08.1901",null,null,null,null,null,null,null,null,null,null,
"TFA-A-Q107,0001",TFA-A-Q107,Q107,Hs 1980:61,null,B 89(2). a,null,"Fontane, Theodor",Kriesgefangen. Erlebtes 1870.   ,Kriegsgefangen,Fontane,Berlin,2. Aufl.,1892,null,null,3,null,"Widmung:  ""Herrn Dr. / Georg Salomon / dankbarst über-/ reicht von Th. Fontane. / Berlin /20. April 92."" ",
"TFA-A-Q108,0001",TFA-A-Q108,Q108,Hs 1973:359,W144,Hs 1936:177,null,"Voß, Sophie Marie Gräfin von ",Neunundsechzig Jahre am Preußischen Hofe. Aus d. Erinnerungen d. Oberhofmeisterin. Mit e. Portr. in Stahlstich u. e. Stammtafel.,Neunundsechzig Jahre am Preußischen Hofe. ,Duncker u. Humblot,Leipzig,"3., unveränderte Aufl.",1876,"Sophie Marie Gräfin von Voß: Neunundsechzig Jahre am Preußischen Hofe. Aus d. Erinnerungen d. Oberhofmeisterin. Mit e. Portr. in Stahlstich u. e. Stammtafel. 3., unveränderte Aufl. Leipzig: Duncker u. Humblot 1876. 440 S. 8°",null,"2,3",Einige Anstreichungen (Blaustift) u. Marginalien.- Exlibris-Stempel von Friedrich Fontane.,null,
"TFA-A-Q109,0001",TFA-A-Q109,Q109,Hs 1973:240,null,null,null,"Storm, Theodor",Hausbuch aus deutschen Dichtern seit Claudius.,Hausbuch ,Westermann,Braunschweig, 4. durchgesehene Aufl.,1878,"Theodor Storm: Hausbuch aus deutschen Dichtern seit Claudius. 4. durchgesehene Aufl. Braunschweig: Westermann 1878. XX, 720 S. 8°",null,2,Besitzvermerk auf Vortitel: Martha Fontane / 24. 12. 1877.,null,
"TFA-A-Q110,0001",TFA-A-Q110,Q110,Hs 2017:35,null,null,null,"Brahm, Otto",Henrik Ibsen. Ein Essay,Henrik Ibsen.,Freund & Jeckel,Berlin,null,1887,null,Essay,4,null,Marginalien mit Bleistift von Theodor Fontane,
"TFA-A-B454,0001",TFA-A-B454,B454,Hs 2011:79,null,null,null,"Lubliner, Hugo",Theater,Theater,Liepmannssohn,Berlin,null,1886,null,null,3,null,null,
"TFA-A-B456,0001",TFA-A-B456,B456,null,null,null,null,"Zedlitz-Neukirch, Leopold von",Gedichte.,Gedichte.,Cotta,Stuttgart und Tübingen,"4., verm. Aufl.",1847,null,null,3,null,null,
"TFA-B-VI,12(Andr.),0001","TFA-B-VI,12(Andr.)","TFA-B-VI,12(Andr.)",Hs 1997:38,null,null,null,"Stempel, Max",Morphium. Schauspiel in 4 Akten.  ,Morphium.,Baumert & Ronge,Leipzig,null,1889,null,null,4,null,"Widmungsexemplar, Marginalien",
"TFA-A-Handtmann,0001",null,Handtmann,null,null,null,null,"Handtmann, Eduard",Neue Sagen aus der Mark Brandenburg. Ein Beitrag zum deutschen Sagenschatz. ,Neue Sagen aus der Mark Brandenburg.,Abenheim,Berlin,null,1883,null,null,4,null,null,
